Date,IBM,AAPL
2018/11/23,24.942,29.908
2018/11/21,24.557,30.135
2018/11/20,24.955,30.627
2018/11/19,24.525,29.713
2018/11/16,23.957,28.853
2018/11/15,24.194,28.892
2018/11/14,24.3,28.949
2018/11/13,23.879,28.048
2018/11/12,23.954,27.926
2018/11/9,23.357,27.427
2018/11/8,23.543,26.641
2018/11/7,23.866,26.67
2018/11/6,23.659,27.477
2018/11/5,23.421,27.778
2018/11/2,23.052,28.02
2018/11/1,22.928,27.636
2018/10/31,23.701,27.689
2018/10/30,23.37,27.928
2018/10/29,23.545,28.666
2018/10/26,22.523,28.017
2018/10/25,22.019,27.348
2018/10/24,22.546,27.776
2018/10/23,21.575,26.597
2018/10/22,21.414,26.396
2018/10/19,21.269,26.47
2018/10/18,21.926,26.529
2018/10/17,21.352,25.793
2018/10/16,22.413,25.66
2018/10/15,21.206,26.382
2018/10/12,21.358,26.479
2018/10/11,21.671,27.313
2018/10/10,21.179,27.131
2018/10/9,20.347,25.947
2018/10/8,20.321,26.008
2018/10/5,20.087,25.749
2018/10/4,19.868,25.442
2018/10/3,19.616,25.035
2018/10/2,19.559,24.778
2018/10/1,19.531,24.496
2018/9/28,19.524,24.664
2018/9/27,19.556,24.594
2018/9/26,19.561,24.543
2018/9/25,19.196,24.627
2018/9/24,19.119,24.508
2018/9/21,19.06,24.78
2018/9/20,19.231,24.981
2018/9/19,19.244,25.395
2018/9/18,19.308,25.389
2018/9/17,19.313,25.049
2018/9/14,19.188,24.103
2018/9/13,19.171,24.265
2018/9/12,19.238,24.348
2018/9/11,19.338,24.58
2018/9/10,19.38,24.41
2018/9/7,19.313,24.452
2018/9/6,19.239,23.968
2018/9/5,19.26,24.116
2018/9/4,19.117,24.083
2018/8/31,18.916,23.616
2018/8/30,18.946,23.361
2018/8/29,18.749,23.025
2018/8/28,18.827,22.928
2018/8/27,18.682,22.655
2018/8/24,18.738,22.772
2018/8/23,18.867,22.746
2018/8/22,18.831,22.458
2018/8/21,18.858,22.672
2018/8/20,18.875,22.893
2018/8/17,18.979,22.931
2018/8/16,19.044,22.583
2018/8/15,19.322,22.351
2018/8/14,18.972,22.021
2018/8/13,19.391,22.274
2018/8/10,19.193,22.007
2018/8/9,19.091,22.013
2018/8/8,19.042,21.524
2018/8/7,18.988,21.521
2018/8/6,18.932,21.424
2018/8/3,19.144,21.669
2018/8/2,18.689,21.709
2018/8/1,18.868,21.773
2018/7/31,18.999,22.868
2018/7/30,19.343,23.096
2018/7/27,19.233,22.695
2018/7/26,19.152,22.084
2018/7/25,18.891,21.665
2018/7/24,19.106,21.993
2018/7/23,19.155,22.136
2018/7/20,19.18,22.477
2018/7/19,19.202,22.632
2018/7/18,19.172,22.364
2018/7/17,19.999,22.278
2018/7/16,19.332,22.323
2018/7/13,19.229,22.311
2018/7/12,19.233,22.389
2018/7/11,19.35,22.485
2018/7/10,19.208,22.163
2018/7/9,19.158,22.268
2018/7/6,19.288,22.713
2018/7/5,19.58,23.183
2018/7/3,19.815,23.547
2018/7/2,19.762,23.132
2018/6/29,19.708,23.232
2018/6/28,19.93,23.428
2018/6/27,19.95,23.69
2018/6/26,19.566,23.237
2018/6/25,19.662,23.476
2018/6/22,18.945,22.836
2018/6/21,19.031,22.953
2018/6/20,18.796,22.452
2018/6/19,18.853,22.568
2018/6/18,18.65,22.227
2018/6/15,18.641,22.138
2018/6/14,18.738,21.821
2018/6/13,18.739,21.829
2018/6/12,18.728,21.678
2018/6/11,18.83,21.762
2018/6/8,18.717,21.693
2018/6/7,18.924,21.658
2018/6/6,18.832,21.679
2018/6/5,18.752,21.663
2018/6/4,18.811,21.769
2018/6/1,18.88,21.729
2018/5/31,19.245,22.163
2018/5/30,18.903,22.034
2018/5/29,19.338,22.067
2018/5/25,18.897,21.722
2018/5/24,18.889,21.843
2018/5/23,18.933,21.802
2018/5/22,19.141,22.02
2018/5/21,19.195,22.071
2018/5/18,19.304,22.245
2018/5/17,19.506,22.355
2018/5/16,19.578,22.309
2018/5/15,19.789,22.37
2018/5/14,19.584,22.237
2018/5/11,19.839,22.303
2018/5/10,20.023,22.421
2018/5/9,20.177,22.386
2018/5/8,20.176,22.558
2018/5/7,20.04,21.885
2018/5/4,19.978,21.952
2018/5/3,20.3,22.759
2018/5/2,20.306,22.414
2018/5/1,20.107,24.351
2018/4/30,20.111,24.012
2018/4/27,20.914,24.734
2018/4/26,20.924,24.883
2018/4/25,21.58,25.333
2018/4/24,21.692,25.936
2018/4/23,21.867,25.185
2018/4/20,22.747,25.204
2018/4/19,22.169,24.305
2018/4/18,21.816,23.439
2018/4/17,21.615,23.661
2018/4/16,21.487,23.8
2018/4/13,21.955,23.913
2018/4/12,21.914,24.229
2018/4/11,22.317,24.919
2018/4/10,22.453,24.192
2018/4/9,22.615,24.794
2018/4/6,23.01,25.996
2018/4/5,22.465,24.447
2018/4/4,22.201,24.781
2018/4/3,22.824,25.939
2018/4/2,23.319,26.544
2018/3/29,22.262,26.054
2018/3/28,23.225,26.612
2018/3/27,22.983,26.402
2018/3/26,22.289,25.462
2018/3/23,23.383,25.902
2018/3/22,22.516,25.409
2018/3/21,21.734,25.202
2018/3/20,21.959,24.557
2018/3/19,22.139,24.765
2018/3/16,21.566,23.942
2018/3/15,21.796,24.174
2018/3/14,22.06,24.196
2018/3/13,21.929,24.259
2018/3/12,21.568,23.31
2018/3/9,21.625,23.663
2018/3/8,22.079,24.273
2018/3/7,22.08,24.737
2018/3/6,21.967,24.538
2018/3/5,21.925,24.763
2018/3/2,21.98,25.384
2018/3/1,22.284,25.415
2018/2/28,21.753,25.028
2018/2/27,21.465,24.628
2018/2/26,20.917,23.517
2018/2/23,21.089,23.599
2018/2/22,21.567,24.316
2018/2/21,21.883,24.64
2018/2/20,21.914,24.515
2018/2/16,21.975,24.616
2018/2/15,21.854,24.752
2018/2/14,21.905,24.604
2018/2/13,22.747,25.174
2018/2/12,22.908,24.945
2018/2/9,24.609,27.122
2018/2/8,24.352,27.422
2018/2/7,22.606,26.218
2018/2/6,23.506,26.434
2018/2/5,23.739,27.189
2018/2/2,21.582,25.646
2018/2/1,20.832,25.277
2018/1/31,20.709,25.776
2018/1/30,20.989,25.983
2018/1/29,20.875,26.234
2018/1/26,20.612,25.446
2018/1/25,20.738,25.334
2018/1/24,20.704,24.836
2018/1/23,20.317,24.368
2018/1/22,20.694,24.068
2018/1/19,20.451,24.215
2018/1/18,21.15,24.311
2018/1/17,21.614,24.126
2018/1/16,21.155,24.146
2018/1/12,20.8,23.915
2018/1/11,20.209,23.867
2018/1/10,20.087,23.977
2018/1/9,20.19,24.196
2018/1/8,19.925,24.091
2018/1/5,19.626,24.069
2018/1/4,19.467,24.265
2018/1/3,19.472,24.49
2018/1/2,18.986,24.264
2017/12/29,18.678,24.333
2017/12/28,18.542,24.077
2017/12/27,18.672,24.309
2017/12/26,18.887,24.281
2017/12/22,18.828,23.924
2017/12/21,18.706,24.104
2017/12/20,18.73,24.127
2017/12/19,18.735,24.151
2017/12/18,18.587,23.927
2017/12/15,18.586,23.993
2017/12/14,18.65,24.078
2017/12/13,18.667,24.13
2017/12/12,18.652,24.308
2017/12/11,18.429,24.302
2017/12/8,18.516,24.507
2017/12/7,18.509,24.368
2017/12/6,18.694,24.592
2017/12/5,18.94,24.835
2017/12/4,19.265,25.485
2017/12/1,19.14,24.99
2017/11/30,19.174,25.001
2017/11/29,19.338,25.379
2017/11/28,18.871,24.702
2017/11/27,18.914,24.482
2017/11/24,19.162,24.549
2017/11/22,19.165,24.551
2017/11/21,19.158,24.814
2017/11/20,19.303,24.892
2017/11/17,19.368,25.417
2017/11/16,19.226,25.474
2017/11/15,19.597,25.5
2017/11/14,19.283,25.264
2017/11/13,19.238,25.098
2017/11/10,19.27,25.215
2017/11/9,19.266,24.971
2017/11/8,18.946,24.955
2017/11/7,18.903,25.014
2017/11/6,18.821,25.024
2017/11/3,18.842,25.141
2017/11/2,18.728,25.295
2017/11/1,18.658,25.347
2017/10/31,18.726,25.504
2017/10/30,18.481,24.998
2017/10/27,18.47,25.047
2017/10/26,18.341,25.248
2017/10/25,18.333,25.461
2017/10/24,18.088,25.276
2017/10/23,17.879,25.512
2017/10/20,17.584,25.51
2017/10/19,17.717,25.469
2017/10/18,17.683,24.732
2017/10/17,18.033,24.811
2017/10/16,17.92,24.685
2017/10/13,17.913,24.585
2017/10/12,18.058,24.797
2017/10/11,18.048,24.949
2017/10/10,17.892,24.985
2017/10/9,17.933,24.759
2017/10/6,18.02,25.208
2017/10/5,18.002,25.297
2017/10/4,18.222,25.293
2017/10/3,18.192,25.659
2017/10/2,18.122,25.49
2017/9/29,18.274,25.085
2017/9/28,18.238,25.472
2017/9/27,18.356,25.371
2017/9/26,18.243,25.443
2017/9/25,18.274,25.657
2017/9/22,18.083,24.97
2017/9/21,18.066,25.174
2017/9/20,18.383,25.034
2017/9/19,18.258,24.609
2017/9/18,18.507,24.736
2017/9/15,18.49,24.611
2017/9/14,18.309,24.528
2017/9/13,18.172,24.739
2017/9/12,17.964,24.526
2017/9/11,17.956,25.032
2017/9/8,18.288,25.24
2017/9/7,18.102,24.83
2017/9/6,18.046,24.87
2017/9/5,18.052,24.998
2017/9/1,17.734,24.912
2017/8/31,17.809,24.976
2017/8/30,17.906,25.205
2017/8/29,17.891,25.29
2017/8/28,17.833,25.397
2017/8/25,17.89,25.468
2017/8/24,17.97,25.759
2017/8/23,17.788,25.594
2017/8/22,17.698,25.761
2017/8/21,17.949,25.647
2017/8/18,18.137,25.819
2017/8/17,18.172,26.098
2017/8/16,17.666,24.662
2017/8/15,17.819,24.947
2017/8/14,17.664,24.579
2017/8/11,18.255,25.544
2017/8/10,18.441,25.42
2017/8/9,17.84,24.135
2017/8/8,17.823,24.202
2017/8/7,17.371,23.655
2017/8/4,17.415,23.809
2017/8/3,17.375,23.738
2017/8/2,17.431,23.413
2017/8/1,17.326,23.55
2017/7/31,17.542,23.959
2017/7/28,17.466,23.845
2017/7/27,17.631,23.993
2017/7/26,17.612,23.871
2017/7/25,17.68,23.881
2017/7/24,17.8,24.088
2017/7/21,17.813,23.54
2017/7/20,17.915,23.721
2017/7/19,17.891,23.663
2017/7/18,18.877,23.485
2017/7/17,18.814,23.376
2017/7/14,18.925,23.258
2017/7/13,18.982,23.66
2017/7/12,19.06,23.581
2017/7/11,19.061,23.823
2017/7/10,18.944,23.883
2017/7/7,19.086,23.683
2017/7/6,19.323,24.02
2017/7/5,19.127,23.81
2017/7/3,19.053,23.555
2017/6/30,19.14,23.349
2017/6/29,19.338,23.461
2017/6/28,18.98,23.378
2017/6/27,19.079,23.713
2017/6/26,18.838,23.184
2017/6/23,18.784,22.855
2017/6/22,18.955,23.098
2017/6/21,19.04,23.213
2017/6/20,19.096,23.129
2017/6/19,19.024,22.994
2017/6/16,18.908,23.351
2017/6/15,19.011,23.324
2017/6/14,18.961,23.232
2017/6/13,18.835,23.053
2017/6/12,19.227,23.065
2017/6/9,19.45,23.458
2017/6/8,18.988,22.801
2017/6/7,19.024,22.722
2017/6/6,19.046,22.972
2017/6/5,19.232,22.677
2017/6/2,19.173,22.666
2017/6/1,19.222,22.827
2017/5/31,19.114,23.134
2017/5/30,19.231,22.815
2017/5/26,19.032,22.746
2017/5/25,19.009,23.195
2017/5/24,19.12,23.829
2017/5/23,19.246,24.092
2017/5/22,18.867,24.231
2017/5/19,18.831,24.242
2017/5/18,18.882,24.165
2017/5/17,18.694,23.975
2017/5/16,18.307,23.185
2017/5/15,17.785,22.988
2017/5/12,17.886,22.685
2017/5/11,17.706,22.299
2017/5/10,17.46,22.13
2017/5/9,17.472,21.831
2017/5/8,17.231,21.416
2017/5/5,16.754,21.229
2017/5/4,16.295,21.316
2017/5/3,16.341,21.513
2017/5/2,16.129,21.714
2017/5/1,16.399,21.813
2017/4/28,16.926,21.7
2017/4/27,17.104,21.792
2017/4/26,17.185,21.794
2017/4/25,16.927,21.704
2017/4/24,17.232,21.867
2017/4/21,17.526,22.178
2017/4/20,17.686,22.156
2017/4/19,18.033,22.511
2017/4/18,18.184,22.508
2017/4/17,18.653,22.526
2017/4/13,18.511,22.642
2017/4/12,18.549,22.655
2017/4/11,18.803,22.726
2017/4/10,18.476,22.537
2017/4/7,18.393,22.654
2017/4/6,18.081,22.715
2017/4/5,18.275,22.736
2017/4/4,18.13,22.569
2017/4/3,17.982,22.704
2017/3/31,18.218,22.519
2017/3/30,18.17,22.29
2017/3/29,18.337,22.282
2017/3/28,18.412,21.908
2017/3/27,18.542,22.242
2017/3/24,18.456,21.833
2017/3/23,18.616,22.229
2017/3/22,18.897,22.487
2017/3/21,19.098,22.685
2017/3/20,18.835,22.151
2017/3/17,19,22.531
2017/3/16,19.151,22.586
2017/3/15,19.418,22.51
2017/3/14,19.555,22.56
2017/3/13,19.426,22.5
2017/3/10,19.374,22.731
2017/3/9,19.639,22.951
2017/3/8,19.273,23.198
2017/3/7,19.383,23.198
2017/3/6,19.445,23.373
2017/3/3,19.479,23.523
2017/3/2,19.543,23.636
2017/3/1,19.364,23.494
2017/2/28,19.528,23.2
2017/2/27,19.446,22.956
2017/2/24,19.428,22.999
2017/2/23,19.164,23.034
2017/2/22,19.231,23.012
2017/2/21,19.066,23.01
2017/2/17,19.076,22.921
2017/2/16,18.941,23.019
2017/2/15,19.298,22.894
2017/2/14,19.455,22.892
2017/2/13,19.509,22.761
2017/2/10,19.44,22.567
2017/2/9,19.311,22.366
2017/2/8,19.417,22.433
2017/2/7,19.337,22.514
2017/2/6,19.665,22.229
2017/2/3,19.638,22.112
2017/2/2,19.731,22.38
2017/2/1,19.756,22.513
2017/1/31,19.933,23.063
2017/1/30,19.903,22.82
2017/1/27,19.613,22.357
2017/1/26,19.66,22.497
2017/1/25,19.545,22.458
2017/1/24,19.944,23.341
2017/1/23,19.821,23.397
2017/1/20,19.82,23.153
2017/1/19,20.864,23.597
2017/1/18,21.016,23.496
2017/1/17,21.162,23.602
2017/1/13,21.296,23.792
2017/1/12,21.156,23.974
2017/1/11,21.138,23.973
2017/1/10,21.252,23.516
2017/1/9,21.142,23.517
2017/1/6,20.99,23.692
2017/1/5,20.998,23.994
2017/1/4,21.059,24.113
2017/1/3,21.284,24.457
2016/12/30,21.562,24.608
2016/12/29,21.292,24.477
2016/12/28,21.305,24.464
2016/12/27,21.256,24.19
2016/12/23,21.374,24.174
2016/12/22,21.307,24.338
2016/12/21,20.927,23.94
2016/12/20,20.794,23.83
2016/12/19,20.982,23.798
2016/12/16,21.152,23.943
2016/12/15,21.274,24.122
2016/12/14,21.336,24.548
2016/12/13,21.255,24.276
2016/12/12,21.18,24.405
2016/12/9,21.065,24.33
2016/12/8,20.84,23.819
2016/12/7,20.656,23.789
2016/12/6,21.002,23.921
2016/12/5,20.93,24.095
2016/12/2,21.091,24.226
2016/12/1,20.844,24.485
2016/11/30,20.399,24.283
2016/11/29,20.274,24.174
2016/11/28,20.121,24.006
2016/11/25,20.046,23.798
2016/11/23,20.37,23.754
2016/11/22,20.17,23.554
2016/11/21,20.191,23.741
2016/11/18,20.403,24.279
2016/11/17,20.282,24.299
2016/11/16,20.455,24.151
2016/11/15,20.421,25.006
2016/11/14,20.601,25.524
2016/11/11,20.333,24.908
2016/11/10,20.355,25.007
2016/11/9,20.466,24.561
2016/11/8,20.441,24.669
2016/11/7,20.431,24.918
2016/11/4,21.119,25.43
2016/11/3,21.062,25.285
2016/11/2,20.942,24.991
2016/11/1,20.822,24.846
2016/10/31,20.335,24.287
2016/10/28,20.313,24.27
2016/10/27,20.008,24.069
2016/10/26,20.086,23.785
2016/10/25,19.985,24.091
2016/10/24,20.145,24.529
2016/10/21,20.629,24.818
2016/10/20,20.634,24.752
2016/10/19,20.626,24.908
2016/10/18,20.659,24.887
2016/10/17,21.253,24.959
2016/10/14,21.323,24.846
2016/10/13,21.231,24.834
2016/10/12,21.136,24.605
2016/10/11,21.146,24.694
2016/10/10,20.555,24.075
2016/10/7,20.723,24.163
2016/10/6,20.74,24.157
2016/10/5,20.705,24.205
2016/10/4,20.754,24.179
2016/10/3,20.514,24.163
2016/9/30,20.336,24.09
2016/9/29,20.806,24.514
2016/9/28,20.373,24.185
2016/9/27,20.569,24.211
2016/9/26,20.988,24.556
2016/9/23,20.728,24.403
2016/9/22,20.735,24.176
2016/9/21,20.991,24.319
2016/9/20,21.416,24.41
2016/9/19,21.484,24.443
2016/9/16,21.696,24.688
2016/9/15,21.439,24.722
2016/9/14,21.887,25.048
2016/9/13,21.651,24.907
2016/9/12,21.083,24.958
2016/9/9,21.389,25.339
2016/9/8,20.577,24.469
2016/9/7,20.474,24.061
2016/9/6,20.649,24.24
2016/9/2,20.595,24.096
2016/9/1,20.757,24.306
2016/8/31,20.789,24.322
2016/8/30,20.702,24.046
2016/8/29,20.605,24.04
2016/8/26,20.606,24.006
2016/8/25,20.681,23.973
2016/8/24,20.526,23.897
2016/8/23,20.229,23.641
2016/8/22,20.144,23.667
2016/8/19,20.212,23.531
2016/8/18,20.391,23.724
2016/8/17,20.386,23.698
2016/8/16,20.243,23.821
2016/8/15,20.155,23.878
2016/8/12,20.214,24.011
2016/8/11,20.076,24.034
2016/8/10,20.082,23.928
2016/8/9,20.193,24.025
2016/8/8,20.277,24.201
2016/8/5,20.085,24.148
2016/8/4,20.408,24.082
2016/8/3,20.571,24.411
2016/8/2,20.481,24.776
2016/8/1,20.291,24.179
2016/7/29,20.109,24.09
2016/7/28,20.187,24.128
2016/7/27,20.181,23.986
2016/7/26,20.105,24.224
2016/7/25,20.11,24.785
2016/7/22,19.945,24.699
2016/7/21,20.197,24.775
2016/7/20,19.776,24.789
2016/7/19,19.852,24.791
2016/7/18,21.251,24.54
2016/7/15,20.656,24.631
2016/7/14,20.592,24.497
2016/7/13,20.639,24.631
2016/7/12,20.574,24.629
2016/7/11,20.753,24.581
2016/7/8,20.797,24.801
2016/7/7,21.639,25.177
2016/7/6,21.595,25.549
2016/7/5,21.542,25.566
2016/7/1,21.149,25.199
2016/6/30,21.48,25.293
2016/6/29,21.917,25.959
2016/6/28,23.06,26.164
2016/6/27,24.303,26.981
2016/6/24,23.149,26.652
2016/6/23,20.744,25.554
2016/6/22,21.544,26.074
2016/6/21,21.406,25.92
2016/6/20,21.36,26.48
2016/6/17,21.89,26.987
2016/6/16,22.71,26.556
2016/6/15,21.57,26.875
2016/6/14,22.378,26.835
2016/6/13,21.502,26.539
2016/6/10,21.816,26.308
2016/6/9,21.125,25.358
2016/6/8,20.85,25.281
2016/6/7,20.782,25.499
2016/6/6,20.777,25.487
2016/6/3,20.762,25.579
2016/6/2,20.753,25.576
2016/6/1,20.905,25.564
2016/5/31,20.692,25.377
2016/5/27,20.731,25.594
2016/5/26,20.713,25.342
2016/5/25,20.811,25.402
2016/5/24,21.229,25.664
2016/5/23,21.651,26.136
2016/5/20,21.729,26.011
2016/5/19,22.216,26.37
2016/5/18,21.767,26.545
2016/5/17,21.65,26.963
2016/5/16,21.463,26.963
2016/5/13,21.747,27.479
2016/5/12,21.462,27.484
2016/5/11,21.344,27.075
2016/5/10,21.184,27.291
2016/5/9,21.565,27.588
2016/5/6,21.604,27.929
2016/5/5,21.724,27.99
2016/5/4,21.874,27.522
2016/5/3,21.43,27.002
2016/5/2,21.056,26.918
2016/4/29,20.997,27.222
2016/4/28,20.717,26.76
2016/4/27,20.077,25.358
2016/4/26,20.053,25.249
2016/4/25,20.165,25.758
2016/4/22,20.065,25.693
2016/4/21,19.985,25.852
2016/4/20,19.652,25.465
2016/4/19,19.839,26.508
2016/4/18,20.345,26.273
2016/4/15,20.943,26.172
2016/4/14,20.972,25.866
2016/4/13,21.261,26.242
2016/4/12,21.793,26.737
2016/4/11,21.902,26.909
2016/4/8,21.785,26.704
2016/4/7,21.928,27.252
2016/4/6,21.411,26.272
2016/4/5,21.32,26.091
2016/4/4,20.957,25.334
2016/4/1,20.823,24.786
2016/3/31,20.942,25.329
2016/3/30,20.521,24.921
2016/3/29,21.127,25.573
2016/3/28,21.384,25.961
2016/3/24,21.46,25.845
2016/3/23,21.415,25.735
2016/3/22,20.987,25.776
2016/3/21,20.735,25.259
2016/3/18,20.953,25.755
2016/3/17,21.1,26.415
2016/3/16,21.354,26.645
2016/3/15,22.056,26.835
2016/3/14,22.124,26.97
2016/3/11,22.185,27.011
2016/3/10,22.685,27.552
2016/3/9,22.806,27.717
2016/3/8,22.814,27.995
2016/3/7,22.491,28.209
2016/3/4,22.142,27.555
2016/3/3,22.301,27.895
2016/3/2,22.582,27.786
2016/3/1,22.661,27.803
2016/2/29,23.237,28.985
2016/2/26,23.277,29.01
2016/2/25,22.93,29.118
2016/2/24,23.125,29.088
2016/2/23,22.804,29.429
2016/2/22,22.535,28.741
2016/2/19,23.277,30.249
2016/2/18,23.666,30.418
2016/2/17,23.926,30.524
2016/2/16,24.895,31.834
2016/2/12,25.584,32.015
2016/2/11,26.33,32.13
2016/2/10,25.681,31.516
2016/2/9,25.012,31.533
2016/2/8,24.548,31.163
2016/2/5,23.104,30.758
2016/2/4,22.609,29.482
2016/2/3,22.858,29.634
2016/2/2,22.811,29.647
2016/2/1,22.149,28.996
2016/1/29,22.165,28.735
2016/1/28,23.105,29.982
2016/1/27,23.401,30.444
2016/1/26,23.143,29.566
2016/1/25,23.413,30.697
2016/1/22,23.101,29.882
2016/1/21,23.815,31.632
2016/1/20,24.308,32.232
2016/1/19,24.377,31.665
2016/1/15,23.773,31.804
2016/1/14,22.971,30.193
2016/1/13,23.386,31.02
2016/1/12,22.735,29.662
2016/1/11,22.962,29.951
2016/1/8,23.401,30.405
2016/1/7,22.972,30.712
2016/1/6,22.326,29.332
2016/1/5,21.919,28.289
2016/1/4,21.924,27.496
2015/12/31,21.131,26.989
2015/12/30,20.967,26.105
2015/12/29,20.805,25.714
2015/12/28,21.255,26.488
2015/12/24,20.703,26.11
2015/12/23,21.193,26.302
2015/12/22,21.551,27.355
2015/12/21,22.12,28.016
2015/12/18,22.46,28.288
2015/12/17,21.951,27.424
2015/12/16,21.748,27.503
2015/12/15,22.272,28.385
2015/12/14,22.793,28.84
2015/12/11,22.797,29.447
2015/12/10,21.78,28.243
2015/12/9,21.673,28.36
2015/12/8,21.284,27.337
2015/12/7,20.996,27.259
2015/12/4,20.93,27.059
2015/12/3,21.291,28.236
2015/12/2,20.949,27.617
2015/12/1,20.653,27.74
2015/11/30,20.75,27.846
2015/11/27,20.723,27.962
2015/11/25,20.746,28.065
2015/11/24,20.908,27.994
2015/11/23,21.001,28.065
2015/11/20,21.155,28.343
2015/11/19,21.421,28.601
2015/11/18,21.533,28.876
2015/11/17,21.643,29.006
2015/11/16,21.739,28.876
2015/11/13,21.832,29.215
2015/11/12,21.392,28.608
2015/11/11,21.073,28.528
2015/11/10,20.975,28.785
2015/11/9,21.066,27.878
2015/11/6,20.554,27.783
2015/11/5,20.502,27.576
2015/11/4,20.266,27.327
2015/11/3,20.136,27.237
2015/11/2,20.334,27.215
2015/10/30,20.334,27.897
2015/10/29,20.445,27.507
2015/10/28,20.664,27.621
2015/10/27,20.741,29.969
2015/10/26,19.86,29.291
2015/10/23,19.709,27.733
2015/10/22,19.714,28.074
2015/10/21,20.273,28.682
2015/10/20,20.41,28.733
2015/10/19,20.981,28.935
2015/10/16,20.858,29.093
2015/10/15,20.582,29.259
2015/10/14,20.856,29.707
2015/10/13,20.847,29.644
2015/10/12,20.583,29.8
2015/10/9,20.791,30.565
2015/10/8,21.12,31.364
2015/10/7,21.22,31.485
2015/10/6,21.651,31.439
2015/10/5,21.663,31.762
2015/10/2,22.225,32.452
2015/10/1,22.49,33.035
2015/9/30,22.308,33.017
2015/9/29,22.909,33.959
2015/9/28,22.919,32.375
2015/9/25,22.167,31.15
2015/9/24,22.042,31.118
2015/9/23,22.237,31.354
2015/9/22,22.066,31.619
2015/9/21,21.617,30.701
2015/9/18,22.19,31.347
2015/9/17,21.604,30.845
2015/9/16,21.81,30.951
2015/9/15,22.48,31.579
2015/9/14,23.083,32.461
2015/9/11,22.793,32.34
2015/9/10,22.953,33.126
2015/9/9,23.002,33.998
2015/9/8,22.906,34.345
2015/9/4,23.576,35.801
2015/9/3,23.03,34.572
2015/9/2,23.33,34.426
2015/9/1,23.98,35.471
2015/8/31,21.562,32.938
2015/8/28,21.533,32.945
2015/8/27,21.368,32.903
2015/8/26,21.936,33.762
2015/8/25,23.204,38.076
2015/8/24,23.537,37.993
2015/8/21,21.159,33.702
2015/8/20,19.969,28.876
2015/8/19,19.318,28.101
2015/8/18,19.179,27.717
2015/8/17,19.172,27.675
2015/8/14,19.306,27.964
2015/8/13,19.394,28.232
2015/8/12,19.413,28.869
2015/8/11,19.298,29.361
2015/8/10,18.996,27.17
2015/8/7,19.537,28.128
2015/8/6,19.485,28.534
2015/8/5,19.066,27.845
2015/8/4,19.063,28.017
2015/8/3,19.061,27.031
2015/7/31,18.685,26.145
2015/7/30,18.648,25.781
2015/7/29,18.771,25.495
2015/7/28,18.901,25.543
2015/7/27,19.11,25.83
2015/7/24,19.096,25.556
2015/7/23,18.868,25.474
2015/7/22,19.021,25.127
2015/7/21,18.576,25.348
2015/7/20,18.999,25.384
2015/7/17,18.684,25.09
2015/7/16,18.701,24.706
2015/7/15,19.076,24.889
2015/7/14,19.136,25.003
2015/7/13,19.227,25.282
2015/7/10,19.742,25.781
2015/7/9,20.053,26.55
2015/7/8,20.232,25.946
2015/7/7,19.928,24.89
2015/7/6,19.853,24.991
2015/7/2,20.041,24.825
2015/7/1,19.959,25.104
2015/6/30,20.206,25.574
2015/6/29,20.325,25.871
2015/6/26,19.814,24.869
2015/6/25,19.802,24.634
2015/6/24,19.715,24.462
2015/6/23,19.578,24.429
2015/6/22,19.666,24.433
2015/6/19,19.87,24.869
2015/6/18,19.898,24.858
2015/6/17,20.151,25.189
2015/6/16,20.252,25.164
2015/6/15,20.381,25.494
2015/6/12,20.164,25.603
2015/6/11,20.082,25.683
2015/6/10,20.078,25.805
2015/6/9,20.531,26.421
2015/6/8,20.434,26.48
2015/6/5,20.12,26.051
2015/6/4,20.054,25.914
2015/6/3,19.695,25.853
2015/6/2,19.688,25.872
2015/6/1,19.767,25.937
2015/5/29,19.646,26.042
2015/5/28,19.596,26.032
2015/5/27,19.546,26.01
2015/5/26,19.817,26.304
2015/5/22,19.332,25.535
2015/5/21,19.339,25.581
2015/5/20,19.328,25.675
2015/5/19,19.371,26.234
2015/5/18,19.388,26.141
2015/5/15,19.433,26.389
2015/5/14,19.634,26.653
2015/5/13,19.876,26.926
2015/5/12,19.964,26.88
2015/5/11,19.87,26.701
2015/5/8,19.762,26.464
2015/5/7,20.174,27.362
2015/5/6,20.077,27.864
2015/5/5,19.704,27.714
2015/5/4,19.577,27.133
2015/5/1,19.463,27.734
2015/4/30,19.907,28.326
2015/4/29,19.158,27.023
2015/4/28,18.898,26.87
2015/4/27,19.28,28.006
2015/4/24,19.077,27.516
2015/4/23,19.05,27.121
2015/4/22,18.997,27.145
2015/4/21,19.085,27.259
2015/4/20,19.322,26.996
2015/4/17,19.902,27.852
2015/4/16,19.366,27.234
2015/4/15,19.349,27.333
2015/4/14,19.652,27.58
2015/4/13,19.732,27.673
2015/4/10,19.785,27.624
2015/4/9,20.023,27.594
2015/4/8,20.063,27.508
2015/4/7,20.087,27.582
2015/4/6,20.145,27.393
2015/4/2,20.699,27.543
2015/4/1,20.108,27.577
2015/3/31,19.945,27.59
2015/3/30,19.627,27.438
2015/3/27,19.793,28.343
2015/3/26,19.988,28.108
2015/3/25,19.788,28.255
2015/3/24,19.09,27.395
2015/3/23,19.094,27.539
2015/3/20,19.18,27.599
2015/3/19,19.509,27.712
2015/3/18,19.533,27.697
2015/3/17,20.019,28.09
2015/3/16,20.11,28.132
2015/3/13,20.455,28.575
2015/3/12,20.023,28.478
2015/3/11,20.129,28.799
2015/3/10,19.919,28.636
2015/3/9,19.636,28.448
2015/3/6,19.899,28.94
2015/3/5,19.623,28.738
2015/3/4,19.622,28.366
2015/3/3,19.561,28.393
2015/3/2,19.334,28.385
2015/2/27,19.372,28.328
2015/2/26,19.696,28.192
2015/2/25,19.646,28.232
2015/2/24,19.487,27.804
2015/2/23,19.759,27.819
2015/2/20,19.777,27.462
2015/2/19,19.845,27.481
2015/2/18,20.01,27.269
2015/2/17,20.34,27.64
2015/2/13,20.391,27.619
2015/2/12,20.605,27.789
2015/2/11,20.791,27.682
2015/2/10,20.853,27.655
2015/2/9,21.282,27.402
2015/2/6,21.076,28.427
2015/2/5,20.863,27.756
2015/2/4,21.075,28.041
2015/2/3,20.954,28.201
2015/2/2,21.566,28.908
2015/1/30,21.557,29.21
2015/1/29,20.849,28.31
2015/1/28,20.813,28.963
2015/1/27,20.342,29.766
2015/1/26,19.76,29.225
2015/1/23,19.379,28.882
2015/1/22,19.808,29.299
2015/1/21,20.597,30.612
2015/1/20,21.178,31.286
2015/1/16,21.355,32.145
2015/1/15,22.202,32.968
2015/1/14,21.952,31.971
2015/1/13,21.524,31.436
2015/1/12,21.71,32.039
2015/1/9,21.202,31.145
2015/1/8,20.996,31.004
2015/1/7,21.896,31.87
2015/1/6,22.156,31.758
2015/1/5,21.461,30.938
2015/1/2,20.91,30.134
2014/12/31,20.606,29.466
2014/12/30,20.616,29.012
2014/12/29,20.667,28.911
2014/12/26,20.414,29.041
2014/12/24,20.265,35.87
2014/12/23,20.381,29.418
2014/12/22,20.802,29.407
2014/12/19,21.11,29.967
2014/12/18,21.67,30.311
2014/12/17,22.507,30.721
2014/12/16,22.488,31.542
2014/12/15,22.319,30.99
2014/12/12,21.956,31.043
2014/12/11,20.168,30.103
2014/12/10,20.259,29.981
2014/12/9,19.463,28.865
2014/12/8,19.34,28.761
2014/12/5,18.992,27.817
2014/12/4,19.008,27.938
2014/12/3,19.064,27.662
2014/12/2,19.068,27.761
2014/12/1,19.23,27.84
2014/11/28,19.021,27.255
2014/11/26,18.993,26.797
2014/11/25,19.006,26.924
2014/11/24,18.948,27.009
2014/11/21,19.104,26.955
2014/11/20,19.305,26.826
2014/11/19,19.334,27.032
2014/11/18,19.111,26.766
2014/11/17,18.933,26.861
2014/11/14,18.86,26.391
2014/11/13,18.638,26.026
2014/11/12,18.824,25.428
2014/11/11,18.744,25.556
2014/11/10,18.827,25.716
2014/11/7,19.209,25.868
2014/11/6,19.398,26.1
2014/11/5,19.395,26.159
2014/11/4,19.414,26.292
2014/11/3,19.197,26.527
2014/10/31,19.159,26.389
2014/10/30,19.455,26.78
2014/10/29,19.551,26.99
2014/10/28,19.483,26.83
2014/10/27,20.162,26.953
2014/10/24,20.191,26.805
2014/10/23,20.241,26.692
2014/10/22,20.496,26.949
2014/10/21,20.545,26.758
2014/10/20,20.453,27.681
2014/10/17,20.113,28.435
2014/10/16,21.602,29.181
2014/10/15,21.266,29.019
2014/10/14,20.644,27.806
2014/10/13,20.868,27.75
2014/10/10,19.897,26.942
2014/10/9,19.628,26.68
2014/10/8,18.973,26.293
2014/10/7,19.419,26.537
2014/10/6,18.782,26.362
2014/10/3,18.773,26.455
2014/10/2,19.221,26.643
2014/10/1,19.188,27.02
2014/9/30,18.571,26.235
2014/9/29,18.487,26.688
2014/9/26,18.475,26.512
2014/9/25,18.566,27.027
2014/9/24,18.076,26.154
2014/9/23,18.154,26.161
2014/9/22,17.951,26.527
2014/9/19,17.895,26.533
2014/9/18,18.08,26.567
2014/9/17,18.158,26.803
2014/9/16,18.367,27.076
2014/9/15,18.452,26.923
2014/9/12,18.439,26.84
2014/9/11,18.322,26.424
2014/9/10,18.312,26.291
2014/9/9,18.45,26.253
2014/9/8,18.326,26.456
2014/9/5,18.165,26.372
2014/9/4,18.227,26.211
2014/9/3,18.199,26.326
2014/9/2,18.261,25.717
2014/8/29,18.104,25.486
2014/8/28,18.093,25.466
2014/8/27,18.063,25.809
2014/8/26,18.057,25.827
2014/8/25,18.099,25.866
2014/8/22,18.131,25.766
2014/8/21,18.034,25.839
2014/8/20,18.218,26.155
2014/8/19,18.18,25.861
2014/8/18,18.453,26.44
2014/8/15,18.939,26.786
2014/8/14,18.962,26.494
2014/8/13,19.186,27.189
2014/8/12,19.422,27.588
2014/8/11,19.579,27.962
2014/8/8,19.748,28.119
2014/8/7,19.906,28.275
2014/8/6,19.685,27.749
2014/8/5,19.384,27.535
2014/8/4,18.932,27.246
2014/8/1,19.076,27.083
2014/7/31,18.579,26.638
2014/7/30,17.932,25.569
2014/7/29,17.852,25.543
2014/7/28,17.799,25.365
2014/7/25,17.69,25.086
2014/7/24,17.755,25.22
2014/7/23,17.416,24.962
2014/7/22,17.399,25.689
2014/7/21,17.56,25.624
2014/7/18,17.521,25.624
2014/7/17,18.211,26.062
2014/7/16,17.935,25.33
2014/7/15,18.048,25.384
2014/7/14,17.894,25.236
2014/7/11,18.375,25.454
2014/7/10,18.444,25.433
2014/7/9,18.318,25.471
2014/7/8,18.392,25.62
2014/7/7,18.186,25.269
2014/7/3,18.183,25.271
2014/7/2,18.166,25.357
2014/7/1,18.091,25.277
2014/6/30,18.259,25.798
2014/6/27,18.328,25.348
2014/6/26,18.392,25.166
2014/6/25,18.442,25.225
2014/6/24,18.385,24.977
2014/6/23,18.3,25.078
2014/6/20,18.486,25.498
2014/6/19,18.517,25.244
2014/6/18,18.347,25.379
2014/6/17,18.59,25.302
2014/6/16,18.644,25.017
2014/6/13,18.579,24.644
2014/6/12,18.587,24.502
2014/6/11,18.466,24.793
2014/6/10,18.322,25.176
2014/6/9,18.185,24.674
2014/6/6,18.194,24.586
2014/6/5,18.107,24.748
2014/6/4,18.129,24.203
2014/6/3,18.111,23.565
2014/6/2,18.116,23.564
2014/5/30,17.93,23.571
2014/5/29,17.953,23.275
2014/5/28,17.957,22.841
2014/5/27,17.807,22.656
2014/5/23,17.703,22.187
2014/5/22,17.744,22.102
2014/5/21,17.829,21.892
2014/5/20,18.083,21.977
2014/5/19,18.172,21.93
2014/5/16,18.354,22.313
2014/5/15,18.488,22.087
2014/5/14,18.185,21.962
2014/5/13,18.147,21.899
2014/5/12,18.124,22.169
2014/5/9,18.388,22.337
2014/5/8,18.222,22.287
2014/5/7,18.542,22.314
2014/5/6,18.768,22.245
2014/5/5,18.449,22.514
2014/5/2,18.454,22.13
2014/5/1,17.938,22.373
2014/4/30,17.906,22.245
2014/4/29,18.098,22.212
2014/4/28,18.19,22.351
2014/4/25,18.058,21.953
2014/4/24,17.949,21.783
2014/4/23,17.859,22.851
2014/4/22,17.788,22.727
2014/4/21,17.872,22.55
2014/4/17,18.44,22.742
2014/4/16,19.265,23.42
2014/4/15,18.942,23.783
2014/4/14,18.935,24.028
2014/4/11,19.28,24.129
2014/4/10,18.873,23.821
2014/4/9,18.58,23.84
2014/4/8,18.721,24.153
2014/4/7,18.832,24.303
2014/4/4,18.502,24.014
2014/4/3,18.394,23.625
2014/4/2,18.335,23.443
2014/4/1,18.297,23.623
2014/3/31,18.252,23.807
2014/3/28,18.47,24.137
2014/3/27,18.625,24.014
2014/3/26,18.258,23.624
2014/3/25,18.327,23.786
2014/3/24,18.182,24.264
2014/3/21,18.288,23.611
2014/3/20,18.368,24.21
2014/3/19,18.5,24.314
2014/3/18,18.386,24.408
2014/3/17,18.592,24.598
2014/3/14,18.624,24.92
2014/3/13,18.508,24.68
2014/3/12,18.192,24.491
2014/3/11,18.264,24.373
2014/3/10,18.263,24.432
2014/3/7,18.172,24.362
2014/3/6,18.005,24.222
2014/3/5,17.929,24.397
2014/3/4,18,24.444
2014/3/3,18.272,24.749
2014/2/28,18.041,24.726
2014/2/27,18.135,25.023
2014/2/26,18.232,25.006
2014/2/25,18.14,24.93
2014/2/24,18.104,24.986
2014/2/21,18.032,25.468
2014/2/20,18.333,24.828
2014/2/19,18.45,24.761
2014/2/18,18.505,24.938
2014/2/14,18.517,24.925
2014/2/13,18.871,25.101
2014/2/12,18.988,25.192
2014/2/11,19.132,25.032
2014/2/10,19.63,24.696
2014/2/7,19.564,25.322
2014/2/6,20.012,25.005
2014/2/5,20.33,24.968
2014/2/4,19.888,24.929
2014/2/3,20.031,25.248
2014/1/31,19.355,24.818
2014/1/30,19.248,25.061
2014/1/29,19.458,25.378
2014/1/28,19.098,26.276
2014/1/27,18.848,27.63
2014/1/24,18.715,27.534
2014/1/23,18.844,27.224
2014/1/22,18.914,27.41
2014/1/21,19.173,27.804
2014/1/17,19.06,28.311
2014/1/16,19.256,27.333
2014/1/15,19.265,27.249
2014/1/14,19.022,27.254
2014/1/13,19.031,27.467
2014/1/10,18.912,27.476
2014/1/9,19.014,27.615
2014/1/8,18.998,28.125
2014/1/7,18.866,28.715
2014/1/6,19.093,29.094
2014/1/3,19.133,29.341
2014/1/2,19.364,28.949
2013/12/31,19.293,28.698
2013/12/30,19.45,28.854
2013/12/27,19.472,28.852
2013/12/26,19.469,29.029
2013/12/24,19.553,29.129
2013/12/23,19.754,29.129
2013/12/20,19.87,29.573
2013/12/19,20.228,29.555
2013/12/18,20.478,30.207
2013/12/17,20.806,29.453
2013/12/16,20.537,29.528
2013/12/13,20.479,29.511
2013/12/12,20.181,29.248
2013/12/11,19.933,29.127
2013/12/10,20.165,28.778
2013/12/9,19.988,28.898
2013/12/6,20.102,29.316
2013/12/5,20.138,29.364
2013/12/4,19.806,28.812
2013/12/3,19.425,28.172
2013/12/2,19.243,28.048
2013/11/29,19.193,27.411
2013/11/27,19.141,26.904
2013/11/26,19.285,27.034
2013/11/25,19.141,27.123
2013/11/22,19.095,27.4
2013/11/21,18.773,27.417
2013/11/20,18.739,27.606
2013/11/19,18.791,27.769
2013/11/18,18.767,27.882
2013/11/15,18.772,28.012
2013/11/14,18.757,28.239
2013/11/13,18.681,28.206
2013/11/12,18.651,28.231
2013/11/11,18.405,28.111
2013/11/8,18.849,28.245
2013/11/7,18.767,28.357
2013/11/6,18.679,28.498
2013/11/5,18.803,28.453
2013/11/4,18.517,28.574
2013/11/1,18.612,29.046
2013/10/31,18.698,28.68
2013/10/30,18.582,28.914
2013/10/29,18.688,29.139
2013/10/28,18.993,29.631
2013/10/25,19.167,29.814
2013/10/24,19.19,29.841
2013/10/23,19.35,29.913
2013/10/22,19.32,29.155
2013/10/21,19.542,29.642
2013/10/18,19.725,29.272
2013/10/17,19.824,29.22
2013/10/16,20.226,29.241
2013/10/15,20.423,29.607
2013/10/14,20.118,30.055
2013/10/11,20.152,30.148
2013/10/10,20.844,30.3
2013/10/9,21.279,30.504
2013/10/8,21.068,30.571
2013/10/7,20.394,30.176
2013/10/4,20.321,29.882
2013/10/3,20.276,29.889
2013/10/2,20.138,29.907
2013/10/1,19.901,29.937
2013/9/30,19.909,30.113
2013/9/27,19.742,29.986
2013/9/26,19.456,29.973
2013/9/25,19.387,29.995
2013/9/24,19.377,30.22
2013/9/23,19.286,30.436
2013/9/20,19.401,30.533
2013/9/19,19.178,30.182
2013/9/18,19.229,30.186
2013/9/17,19.455,30.035
2013/9/16,19.559,30.367
2013/9/13,19.689,30.038
2013/9/12,19.751,30.104
2013/9/11,19.811,30.16
2013/9/10,20.041,29.196
2013/9/9,20.244,30.178
2013/9/6,20.432,30.283
2013/9/5,20.193,29.816
2013/9/4,20.357,29.577
2013/9/3,20.333,29.457
2013/8/30,20.267,29.233
2013/8/29,19.829,29.007
2013/8/28,19.947,29.015
2013/8/27,19.868,28.998
2013/8/26,19.187,28.258
2013/8/23,19.13,28.086
2013/8/22,19.349,28.222
2013/8/21,19.231,28.476
2013/8/20,19.281,28.144
2013/8/19,19.496,28.125
2013/8/16,19.299,27.922
2013/8/15,19.437,28.143
2013/8/14,19.082,27.478
2013/8/13,18.91,27.517
2013/8/12,19.083,26.592
2013/8/9,19.18,26.347
2013/8/8,19.185,26.328
2013/8/7,19.223,26.491
2013/8/6,19.042,26.507
2013/8/5,18.687,26.249
2013/8/2,18.617,25.995
2013/8/1,18.54,26.324
2013/7/31,18.685,26.378
2013/7/30,18.899,26.434
2013/7/29,18.839,26.004
2013/7/26,18.739,26.164
2013/7/25,18.706,26.458
2013/7/24,18.745,26.123
2013/7/23,18.756,26.884
2013/7/22,18.827,26.814
2013/7/19,18.892,26.787
2013/7/18,18.643,26.168
2013/7/17,19.547,26.413
2013/7/16,19.454,26.792
2013/7/15,19.329,27.097
2013/7/12,19.681,26.97
2013/7/11,19.53,27.17
2013/7/10,19.729,27.507
2013/7/9,19.952,27.838
2013/7/8,20.149,28.732
2013/7/5,20.257,28.499
2013/7/3,20.546,28.763
2013/7/2,20.72,29.386
2013/7/1,20.567,29.348
2013/6/28,20.637,29.688
2013/6/27,19.623,29.773
2013/6/26,20.011,29.676
2013/6/25,20.135,29.562
2013/6/24,20.641,29.498
2013/6/21,20.717,29.033
2013/6/20,19.775,28.861
2013/6/19,19.093,28.07
2013/6/18,19.097,28.25
2013/6/17,19.349,28.527
2013/6/14,19.491,29.177
2013/6/13,19.483,28.983
2013/6/12,19.56,28.707
2013/6/11,19.148,28.722
2013/6/10,19.085,28.952
2013/6/7,19.165,28.83
2013/6/6,19.613,28.796
2013/6/5,19.618,28.527
2013/6/4,19.477,28.393
2013/6/3,19.363,28.27
2013/5/31,18.995,27.728
2013/5/30,18.9,27.742
2013/5/29,18.839,27.813
2013/5/28,18.747,27.792
2013/5/24,18.898,27.724
2013/5/23,18.84,27.677
2013/5/22,18.767,27.818
2013/5/21,18.206,27.918
2013/5/20,18.08,27.518
2013/5/17,18.021,28.029
2013/5/16,17.879,27.896
2013/5/15,17.771,27.665
2013/5/14,17.591,26.684
2013/5/13,17.484,26.346
2013/5/10,17.418,26.225
2013/5/9,17.281,26.189
2013/5/8,17.225,26.167
2013/5/7,17.291,26.358
2013/5/6,17.478,26.293
2013/5/3,17.26,27.039
2013/5/2,17.661,27.807
2013/5/1,17.866,28.098
2013/4/30,17.748,28.08
2013/4/29,18.188,27.75
2013/4/26,18.401,27.735
2013/4/25,18.494,29.9
2013/4/24,18.876,29.638
2013/4/23,19.092,31.871
2013/4/22,19.522,32.395
2013/4/19,19.81,33.519
2013/4/18,18.956,34.331
2013/4/17,18.499,33.631
2013/4/16,17.797,31.566
2013/4/15,18.043,32.108
2013/4/12,17.734,31.204
2013/4/11,17.557,31.814
2013/4/10,17.653,31.657
2013/4/9,17.684,31.819
2013/4/8,18.022,32.096
2013/4/5,17.865,32.134
2013/4/4,17.607,31.503
2013/4/3,17.109,31.147
2013/4/2,16.919,31.035
2013/4/1,16.808,30.795
2013/3/28,16.681,29.878
2013/3/27,16.933,29.836
2013/3/26,17.204,29.365
2013/3/25,17.337,29.788
2013/3/22,17.748,29.903
2013/3/21,17.607,30.194
2013/3/20,17.078,29.91
2013/3/19,17.358,29.934
2013/3/18,16.851,29.696
2013/3/15,16.478,29.472
2013/3/14,16.561,29.067
2013/3/13,16.589,29.809
2013/3/12,16.692,29.914
2013/3/11,16.913,29.851
2013/3/8,16.808,30.007
2013/3/7,17.161,30.277
2013/3/6,17.146,30.416
2013/3/5,17.197,30.445
2013/3/4,17.341,30.858
2013/3/1,17.535,30.081
2013/2/28,17.412,28.956
2013/2/27,17.48,29.25
2013/2/26,18.123,29.907
2013/2/25,17.54,29.773
2013/2/22,17.31,29.193
2013/2/21,17.507,29.239
2013/2/20,16.619,28.493
2013/2/19,16.642,28.305
2013/2/15,16.837,28.236
2013/2/14,16.884,28.33
2013/2/13,16.886,28.93
2013/2/12,16.777,28.885
2013/2/11,17.007,29.03
2013/2/8,16.917,28.582
2013/2/7,17.036,28.947
2013/2/6,17.035,28.413
2013/2/5,16.462,27.572
2013/2/4,16.322,27.831
2013/2/1,16.011,26.977
2013/1/31,16.226,27.42
2013/1/30,16.248,27.954
2013/1/29,16.059,27.858
2013/1/28,16.124,27.929
2013/1/25,16.053,27.686
2013/1/24,16.126,28.044
2013/1/23,15.922,29.776
2013/1/22,17.653,29.968
2013/1/18,18.208,30.733
2013/1/17,18.529,31.895
2013/1/16,18.673,32.742
2013/1/15,18.776,34.399
2013/1/14,18.999,34.179
2013/1/11,18.759,33.589
2013/1/10,18.678,33.436
2013/1/9,18.773,32.553
2013/1/8,18.662,32.695
2013/1/7,18.587,33.229
2013/1/4,18.567,33.275
2013/1/3,18.609,33.213
2013/1/2,18.615,33.502
2012/12/31,19.855,34.202
2012/12/28,19.801,34.804
2012/12/27,19.448,34.685
2012/12/26,19.283,34.752
2012/12/24,18.883,34.728
2012/12/21,19.017,34.648
2012/12/20,18.733,35.265
2012/12/19,18.613,35.629
2012/12/18,18.506,35.956
2012/12/17,18.942,37.21
2012/12/14,19.071,37.217
2012/12/13,19.043,36.1
2012/12/12,18.701,35.711
2012/12/11,18.666,35.335
2012/12/10,19.008,36.241
2012/12/7,18.993,36.245
2012/12/6,19.154,36.042
2012/12/5,19.128,35.658
2012/12/4,19.364,34.779
2012/12/3,19.16,34.477
2012/11/30,19.17,34.425
2012/11/29,18.989,33.513
2012/11/28,19.34,33.769
2012/11/27,19.302,34.119
2012/11/26,19.474,34.024
2012/11/23,19.433,33.637
2012/11/21,19.678,33.733
2012/11/20,20.027,34.062
2012/11/19,20.103,33.969
2012/11/16,20.65,34.458
2012/11/15,20.959,33.669
2012/11/14,20.817,32.877
2012/11/13,20.759,33.411
2012/11/12,21.089,34.589
2012/11/9,20.974,34.476
2012/11/8,20.94,33.99
2012/11/7,20.858,33.647
2012/11/6,20.284,32.598
2012/11/5,20.497,32.914
2012/11/2,20.449,33.042
2012/11/1,20.223,32.993
2012/10/31,20.699,34.186
2012/10/26,20.681,34.092
2012/10/25,20.701,34.755
2012/10/24,20.792,35.516
2012/10/23,20.858,36.268
2012/10/22,20.47,36.705
2012/10/19,20.572,36.714
2012/10/18,20.529,35.219
2012/10/17,19.825,34.644
2012/10/16,19.985,34.908
2012/10/15,20.591,34.926
2012/10/12,20.703,35.096
2012/10/11,20.866,35.732
2012/10/10,20.992,36.078
2012/10/9,20.809,35.583
2012/10/8,20.566,35.814
2012/10/5,20.286,34.772
2012/10/4,20.299,34.356
2012/10/3,20.3,34.771
2012/10/2,20.605,34.788
2012/10/1,20.38,34.506
2012/9/28,20.529,34.35
2012/9/27,20.624,33.394
2012/9/26,20.745,33.394
2012/9/25,20.213,31.658
2012/9/24,20.146,31.765
2012/9/21,20.24,30.656
2012/9/20,20.41,30.754
2012/9/19,20.358,30.615
2012/9/18,20.525,31.036
2012/9/17,20.503,31.336
2012/9/14,20.298,31.25
2012/9/13,20.404,31.696
2012/9/12,21.018,32.257
2012/9/11,21.353,32.589
2012/9/10,21.359,32.725
2012/9/7,21.877,32.378
2012/9/6,22.236,32.645
2012/9/5,23.034,33.264
2012/9/4,23.408,33.536
2012/8/31,23.093,33.253
2012/8/30,23.336,33.276
2012/8/29,22.605,32.867
2012/8/28,22.519,32.532
2012/8/27,22.384,32.518
2012/8/24,22.341,32.477
2012/8/23,22.491,32.778
2012/8/22,22.058,32.386
2012/8/21,21.694,31.972
2012/8/20,21.375,32.177
2012/8/17,20.873,31.389
2012/8/16,20.942,31.026
2012/8/15,20.847,30.892
2012/8/14,20.877,30.681
2012/8/13,20.53,30.752
2012/8/10,20.499,30.218
2012/8/9,20.823,30.71
2012/8/8,20.992,30.747
2012/8/7,20.626,31.225
2012/8/6,20.838,31.431
2012/8/3,21.189,31.755
2012/8/2,21.903,32.742
2012/8/1,21.567,32.403
2012/7/31,21.42,32.739
2012/7/30,21.45,31.879
2012/7/27,21.211,31.86
2012/7/26,21.712,32.278
2012/7/25,22.185,33.133
2012/7/24,22.554,34.489
2012/7/23,22.087,34.441
2012/7/20,21.412,33.742
2012/7/19,20.77,33.485
2012/7/18,22.631,33.363
2012/7/17,22.462,33.151
2012/7/16,22.674,33.638
2012/7/13,22.458,33.871
2012/7/12,22.994,34.33
2012/7/11,23.113,34.105
2012/7/10,22.908,33.972
2012/7/9,22.685,33.733
2012/7/6,22.643,33.752
2012/7/5,21.619,33.578
2012/7/3,21.699,34.157
2012/7/2,21.907,34.534
2012/6/29,21.754,34.787
2012/6/28,23.308,35.635
2012/6/27,22.723,35.471
2012/6/26,22.908,35.685
2012/6/25,23.057,35.618
2012/6/22,22.67,35.068
2012/6/21,22.8,35.279
2012/6/20,21.843,35.202
2012/6/19,21.841,35.244
2012/6/18,22.407,35.513
2012/6/15,22.898,36.369
2012/6/14,24.028,37.133
2012/6/13,24.118,36.886
2012/6/12,23.782,36.845
2012/6/11,23.266,36.596
2012/6/8,23.096,36.622
2012/6/7,23.208,36.968
2012/6/6,23.779,38.032
2012/6/5,24.645,39.339
2012/6/4,25.195,39.979
2012/6/1,25.42,39.544
2012/5/31,23.61,37.94
2012/5/30,23.34,38.184
2012/5/29,23.137,37.89
2012/5/25,23.385,38.685
2012/5/24,23.998,38.465
2012/5/23,23.704,38.705
2012/5/22,23.036,37.935
2012/5/21,23.307,38.307
2012/5/18,24.64,39.66
2012/5/17,23.363,39.544
2012/5/16,22.839,37.268
2012/5/15,22.256,36.385
2012/5/14,21.789,35.906
2012/5/11,21.16,35.076
2012/5/10,21.355,35.12
2012/5/9,21.256,35.941
2012/5/8,21.241,35.957
2012/5/7,20.706,35.337
2012/5/4,20.859,34.572
2012/5/3,20.231,33.809
2012/5/2,20.076,33.603
2012/5/1,19.926,34.148
2012/4/30,20.222,34.447
2012/4/27,20.088,34.578
2012/4/26,19.971,34.724
2012/4/25,20.221,34.904
2012/4/24,20.531,35.485
2012/4/23,20.704,36.984
2012/4/20,20.467,37.802
2012/4/19,21.341,37.607
2012/4/18,20.996,38.2
2012/4/17,20.809,37.777
2012/4/16,21.047,37.396
2012/4/13,21.224,37.054
2012/4/12,20.912,36.037
2012/4/11,21.358,36.168
2012/4/10,21.533,35.706
2012/4/9,20.681,34.903
2012/4/5,20.486,34.185
2012/4/4,20.502,34.39
2012/4/3,20.349,33.539
2012/4/2,19.919,32.64
2012/3/30,20.008,33.494
2012/3/29,20.472,32.821
2012/3/28,20.54,32.772
2012/3/27,20.116,32.386
2012/3/26,20.361,32.559
2012/3/23,20.613,32.65
2012/3/22,20.988,33.234
2012/3/21,20.84,33.811
2012/3/20,21.142,33.898
2012/3/19,20.996,33.094
2012/3/16,21.11,33.045
2012/3/15,21.373,33.149
2012/3/14,21.285,32.931
2012/3/13,21.388,31.338
2012/3/12,21.834,31.375
2012/3/9,21.938,31.586
2012/3/8,22.228,31.925
2012/3/7,22.726,31.855
2012/3/6,23.148,32.456
2012/3/5,22.399,32.402
2012/3/2,22.084,31.569
2012/3/1,22.171,32.22
2012/2/29,22.334,31.31
2012/2/28,22.024,30.709
2012/2/27,21.977,29.845
2012/2/24,21.961,29.796
2012/2/23,21.933,30.721
2012/2/22,22.624,31.368
2012/2/21,22.849,31.238
2012/2/17,22.838,31.549
2012/2/16,23.289,31.6
2012/2/15,23.179,32.019
2012/2/14,23.114,31.383
2012/2/13,22.43,30.452
2012/2/10,22.364,29.406
2012/2/9,21.516,29.085
2012/2/8,21.283,28.066
2012/2/7,20.864,27.4
2012/2/6,21.141,27.059
2012/2/3,21.061,27.68
2012/2/2,21.678,27.741
2012/2/1,21.463,28.298
2012/1/31,21.802,28.819
2012/1/30,21.653,28.78
2012/1/27,21.378,28.945
2012/1/26,21.109,28.07
2012/1/25,21.069,28.88
2012/1/24,20.778,32.184
2012/1/23,20.96,32.075
2012/1/20,21.242,32.776
2012/1/19,22.587,31.824
2012/1/18,22.666,31.662
2012/1/17,22.55,31.894
2012/1/13,23.157,32.065
2012/1/12,22.913,31.744
2012/1/11,22.897,31.653
2012/1/10,23.004,32.015
2012/1/9,23.387,32.608
2012/1/6,23.68,32.854
2012/1/5,24.106,33.493
2012/1/4,24.312,33.993
2012/1/3,24.311,34.471
2011/12/30,24.543,35.108
2011/12/29,24.177,34.781
2011/12/28,24.236,34.38
2011/12/27,24.035,34.103
2011/12/23,23.729,33.884
2011/12/22,24.302,34.692
2011/12/21,25.265,35.399
2011/12/20,25.129,35.503
2011/12/19,25.959,36.27
2011/12/16,26.191,36.033
2011/12/15,26.042,36.608
2011/12/14,26.404,37.086
2011/12/13,25.583,35.776
2011/12/12,25.799,36.297
2011/12/9,25.324,36.269
2011/12/8,26.099,36.827
2011/12/7,25.549,36.664
2011/12/6,25.176,36.44
2011/12/5,25.538,36.792
2011/12/2,25.761,36.647
2011/12/1,25.905,36.977
2011/11/30,26.547,37.834
2011/11/29,27.715,39.442
2011/11/28,27.932,39.629
2011/11/25,29.008,41.174
2011/11/23,29.02,40.968
2011/11/22,28.282,40.129
2011/11/21,28.414,41.509
2011/11/18,27.541,40.288
2011/11/17,27.774,40.671
2011/11/16,25.752,38.611
2011/11/15,25.539,38.42
2011/11/14,26.04,38.586
2011/11/11,25.503,37.963
2011/11/10,26.391,39.062
2011/11/9,26.562,37.152
2011/11/8,24.595,35.534
2011/11/7,24.588,35.906
2011/11/4,24.532,35.375
2011/11/3,24.677,35.618
2011/11/2,25.337,36.475
2011/11/1,25.61,36.191
2011/10/31,23.534,34.265
2011/10/28,23.354,34.12
2011/10/27,23.669,34.286
2011/10/26,25.803,35.49
2011/10/25,25.777,35.34
2011/10/24,25.505,34.805
2011/10/21,26.235,35.898
2011/10/20,27.457,36.834
2011/10/19,26.977,36.411
2011/10/18,26.906,36.597
2011/10/17,27.563,38.068
2011/10/14,26.614,37.262
2011/10/13,27.136,37.415
2011/10/12,27.223,38.136
2011/10/11,28.311,39.289
2011/10/10,28.527,40.031
2011/10/7,29.086,41.186
2011/10/6,29.424,41.414
2011/10/5,30.086,42.063
2011/10/4,32.523,44.229
2011/10/3,31.886,42.154
2011/9/30,30.364,40.147
2011/9/29,29.874,39.803
2011/9/28,28.754,37.907
2011/9/27,27.641,37.612
2011/9/26,28.79,38.923
2011/9/23,29.537,37.5
2011/9/22,29.043,37.783
2011/9/21,26.714,35.01
2011/9/20,25.908,34.316
2011/9/19,26.29,34.201
2011/9/16,25.562,33.658
2011/9/15,26.296,34.424
2011/9/14,27.095,35.021
2011/9/13,27.887,36.069
2011/9/12,29.108,37.184
2011/9/9,28.379,36.145
2011/9/8,26.199,34.72
2011/9/7,26.055,34.565
2011/9/6,27.098,36.018
2011/9/2,26.269,35.959
2011/9/1,25.234,34.838
2011/8/31,24.963,34.327
2011/8/30,25.208,34.589
2011/8/29,25.118,34.577
2011/8/26,25.957,35.617
2011/8/25,27.074,36.781
2011/8/24,26.611,37.397
2011/8/23,26.711,37.571
2011/8/22,27.719,38.616
2011/8/19,28.782,39.361
2011/8/18,26.992,37.159
2011/8/17,24.005,34.356
2011/8/16,24.308,34.457
2011/8/15,24.104,34.539
2011/8/12,25.149,35.753
2011/8/11,26.258,38.039
2011/8/10,26.614,38.032
2011/8/9,27.107,38.095
2011/8/8,27.844,39.09
2011/8/5,24.566,35.387
2011/8/4,23.328,33.538
2011/8/3,21.75,31.454
2011/8/2,21.659,31.647
2011/8/1,21.636,31.641
2011/7/29,21.283,31.095
2011/7/28,20.973,30.39
2011/7/27,20.843,30.401
2011/7/26,20.257,29.437
2011/7/25,20.146,29.343
2011/7/22,19.927,29.185
2011/7/21,20.114,29.326
2011/7/20,20.285,29.792
2011/7/19,20.673,31.744
2011/7/18,21.829,31.743
2011/7/15,21.087,30.786
2011/7/14,20.96,30.898
2011/7/13,20.435,30.369
2011/7/12,20.346,30.481
2011/7/11,20.31,30.221
2011/7/8,19.559,29.371
2011/7/7,19.571,29.387
2011/7/6,19.536,29.668
2011/7/5,19.517,29.729
2011/7/1,19.633,29.731
2011/6/30,20.308,30.619
2011/6/29,20.805,31.003
2011/6/28,21.219,31.174
2011/6/27,21.626,31.118
2011/6/24,21.619,31.309
2011/6/23,21.342,31.129
2011/6/22,20.723,30.83
2011/6/21,21.064,31.482
2011/6/20,21.704,32.875
2011/6/17,21.922,32.422
2011/6/16,21.992,31.506
2011/6/15,21.596,30.267
2011/6/14,20.916,29.512
2011/6/13,21.29,30.089
2011/6/10,21.224,29.843
2011/6/9,21.03,29.481
2011/6/8,21.307,29.609
2011/6/7,21.185,29.979
2011/6/6,21.22,29.936
2011/6/3,21.024,29.604
2011/6/2,20.893,29.559
2011/6/1,20.844,29.676
2011/5/31,20.558,29.351
2011/5/27,20.919,29.293
2011/5/26,21.157,29.908
2011/5/25,21.423,30.506
2011/5/24,21.525,30.791
2011/5/23,21.788,30.935
2011/5/20,21.074,30.502
2011/5/19,21.244,30.796
2011/5/18,21.336,30.921
2011/5/17,21.54,31.977
2011/5/16,21.355,31.28
2011/5/13,21.252,30.767
2011/5/12,20.928,30.206
2011/5/11,21.265,30.546
2011/5/10,20.872,30.726
2011/5/9,21.087,31.126
2011/5/6,21.085,31.44
2011/5/5,21.067,31.661
2011/5/4,20.841,31.562
2011/5/3,20.391,31.466
2011/5/2,19.94,30.938
2011/4/29,19.531,30.383
2011/4/28,19.775,30.237
2011/4/27,19.893,30.204
2011/4/26,20.285,30.47
2011/4/25,20.534,30.669
2011/4/21,20.354,30.757
2011/4/20,20.874,31.993
2011/4/19,21.992,33.066
2011/4/18,22.286,33.896
2011/4/15,21.669,33.268
2011/4/14,22.014,33.008
2011/4/13,21.937,32.91
2011/4/12,22.148,32.641
2011/4/11,21.707,32.142
2011/4/8,21.572,32.313
2011/4/7,21.647,32.838
2011/4/6,21.511,32.7
2011/4/5,21.509,32.355
2011/4/4,21.481,32.574
2011/4/1,21.528,31.942
2011/3/31,21.823,31.998
2011/3/30,21.777,32.224
2011/3/29,22.134,32.874
2011/3/28,22.064,32.773
2011/3/25,22.084,33.051
2011/3/24,22.293,33.187
2011/3/23,22.49,34.044
2011/3/22,22.759,34.279
2011/3/21,22.972,34.539
2011/3/18,24.306,35.568
2011/3/17,24.987,36.015
2011/3/16,25.588,37.78
2011/3/15,23.46,34.766
2011/3/14,22.771,33.89
2011/3/11,22.073,33.535
2011/3/10,22.357,34.153
2011/3/9,21.311,32.705
2011/3/8,20.943,32.361
2011/3/7,21.696,33.237
2011/3/4,21.14,31.765
2011/3/3,20.49,31.605
2011/3/2,21.05,33.007
2011/3/1,21.265,33.586
2011/2/28,20.828,33.145
2011/2/25,20.996,34.016
2011/2/24,21.182,35.034
2011/2/23,21.02,34.556
2011/2/22,20.084,33.452
2011/2/18,18.934,31.402
2011/2/17,18.807,29.846
2011/2/16,18.681,29.192
2011/2/15,18.724,29.369
2011/2/14,18.782,29.798
2011/2/11,18.732,30.141
2011/2/10,18.716,29.783
2011/2/9,18.69,30.088
2011/2/8,18.518,29.637
2011/2/7,18.588,30.148
2011/2/4,19.003,30.647
2011/2/3,19.11,30.977
2011/2/2,19.184,31.138
2011/2/1,19.174,31.04
2011/1/31,19.648,31.595
2011/1/28,20.07,32.368
2011/1/27,19.621,31.323
2011/1/26,19.802,31.516
2011/1/25,19.63,31.88
2011/1/24,19.623,31.644
2011/1/21,19.617,32.089
2011/1/20,19.882,31.569
2011/1/19,19.611,30.846
2011/1/18,19.913,31.547
2011/1/14,20.205,30.86
2011/1/13,20.705,31.299
2011/1/12,20.826,31.414
2011/1/11,21.304,31.616
2011/1/10,21.385,32.463
2011/1/7,21.474,32.164
2011/1/6,21.214,32.15
2011/1/5,21.568,32.313
2011/1/4,21.757,32.772
2011/1/3,21.699,32.835
2010/12/31,22.014,33.664
2010/12/30,21.933,33.297
2010/12/29,21.829,33.182
2010/12/28,21.909,33.446
2010/12/27,22.009,33.126
2010/12/23,21.405,32.88
2010/12/22,21.157,32.749
2010/12/21,21.116,32.83
2010/12/20,21.264,32.894
2010/12/17,21.526,33.453
2010/12/16,21.646,33.295
2010/12/15,21.841,33.346
2010/12/14,21.684,33.407
2010/12/13,21.967,33.395
2010/12/10,21.919,33.466
2010/12/9,22.307,33.888
2010/12/8,22.192,34.058
2010/12/7,22.293,34.191
2010/12/6,22.527,34.915
2010/12/3,22.671,34.934
2010/12/2,22.864,35.326
2010/12/1,23.073,35.813
2010/11/30,23.674,36.909
2010/11/29,23.304,36.027
2010/11/26,22.774,35.175
2010/11/24,22.048,35.135
2010/11/23,22.666,35.746
2010/11/22,22.2,35.087
2010/11/19,22.023,35.189
2010/11/18,22.039,35.368
2010/11/17,22.541,35.942
2010/11/16,22.737,36.25
2010/11/15,22.03,35.493
2010/11/12,22.182,35.158
2010/11/11,21.684,33.859
2010/11/10,21.31,33.729
2010/11/9,21.141,33.738
2010/11/8,21.032,34.31
2010/11/5,20.826,34.249
2010/11/4,21.018,34.367
2010/11/3,21.743,34.999
2010/11/2,21.425,34.848
2010/11/1,21.844,35.222
2010/10/29,21.867,35.026
2010/10/28,22.437,34.694
2010/10/27,22.376,34.497
2010/10/26,22.306,34.232
2010/10/25,22.205,33.873
2010/10/22,22.481,34.094
2010/10/21,23.014,34.699
2010/10/20,22.952,34.685
2010/10/19,23.454,36.108
2010/10/18,23.416,36.136
2010/10/15,23.339,36.046
2010/10/14,23.338,35.356
2010/10/13,23.249,35.101
2010/10/12,23.644,35.436
2010/10/11,23.444,35.36
2010/10/8,23.712,35.472
2010/10/7,23.834,35.899
2010/10/6,23.791,35.783
2010/10/5,23.627,35.504
2010/10/4,24.391,35.824
2010/10/1,23.799,35.314
2010/9/30,23.699,35.461
2010/9/29,23.399,35.307
2010/9/28,23.286,35.307
2010/9/27,23.055,34.519
2010/9/24,23.008,34.58
2010/9/23,23.457,34.47
2010/9/22,23.116,33.72
2010/9/21,22.793,33.67
2010/9/20,22.889,33.827
2010/9/17,23.536,34.202
2010/9/16,23.717,34.108
2010/9/15,23.848,33.883
2010/9/14,23.902,33.734
2010/9/13,24.241,34.164
2010/9/10,24.966,34.642
2010/9/9,25.571,35.412
2010/9/8,25.756,35.617
2010/9/7,25.551,36.029
2010/9/3,25.306,36.052
2010/9/2,26.196,36.491
2010/9/1,26.414,37.283
2010/8/31,27.29,38.835
2010/8/30,26.959,38.751
2010/8/27,26.93,39.171
2010/8/26,27.415,39.223
2010/8/25,27.127,39.394
2010/8/24,26.686,38.872
2010/8/23,26.076,38.131
2010/8/20,26.302,37.932
2010/8/19,25.941,38.206
2010/8/18,25.165,37.588
2010/8/17,25.261,37.483
2010/8/16,25.815,37.86
2010/8/13,25.432,37.891
2010/8/12,25.247,37.698
2010/8/11,24.538,37.209
2010/8/10,23.357,35.823
2010/8/9,23.235,35.603
2010/8/6,23.939,36.153
2010/8/5,23.381,35.619
2010/8/4,23.35,35.772
2010/8/3,23.317,35.628
2010/8/2,23.308,35.566
2010/7/30,24.006,36.747
2010/7/29,23.981,36.797
2010/7/28,24.076,37.202
2010/7/27,24.201,37.194
2010/7/26,24.764,38.076
2010/7/23,24.712,38.107
2010/7/22,25.059,38.75
2010/7/21,26.102,40.057
2010/7/20,26.161,41.72
2010/7/19,26.568,44.736
2010/7/16,27.324,43.554
2010/7/15,26.168,43.396
2010/7/14,26.001,42.721
2010/7/13,25.78,42.562
2010/7/12,26.503,41.437
2010/7/9,26.758,41.837
2010/7/8,27.001,41.917
2010/7/7,27.533,41.949
2010/7/6,28.439,43.081
2010/7/2,29.529,44.333
2010/7/1,29.821,43.772
2010/6/30,28.219,42.201
2010/6/29,28.02,42.754
2010/6/28,26.176,40.357
2010/6/25,26.4,39.831
2010/6/24,25.938,39.685
2010/6/23,24.996,39.467
2010/6/22,24.684,38.892
2010/6/21,24.307,38.469
2010/6/18,24.617,38.079
2010/6/17,25.036,38.283
2010/6/16,25.145,39.111
2010/6/15,25.717,39.305
2010/6/14,26.541,41.055
2010/6/11,27.116,41.541
2010/6/10,27.481,41.76
2010/6/9,27.818,42.203
2010/6/8,28.58,43.576
2010/6/7,28.146,41.606
2010/6/4,27.451,41.053
2010/6/3,26.251,39.441
2010/6/2,26.914,40.781
2010/6/1,27.13,40.083
2010/5/28,27.247,39.401
2010/5/27,27.4,39.358
2010/5/26,28.629,40.712
2010/5/25,31.253,44.65
2010/5/24,30.232,43.093
2010/5/21,31.379,44.964
2010/5/20,31.249,46.235
2010/5/19,28.303,43.933
2010/5/18,26.783,42.595
2010/5/17,27.152,41.918
2010/5/14,26.514,41.971
2010/5/13,24.724,38.481
2010/5/12,23.924,39.205
2010/5/11,25.934,40.271
2010/5/10,27.024,41.158
2010/5/7,28.406,44.43
2010/5/6,25.93,41.531
2010/5/5,24.063,39.052
2010/5/4,23.563,40.054
2010/5/3,21.604,37.039
2010/4/30,21.754,36.278
2010/4/29,21.343,35.619
2010/4/28,21.593,35.255
2010/4/27,21.464,35.481
2010/4/26,20.851,34.923
2010/4/23,20.972,33.14
2010/4/22,20.806,32.21
2010/4/21,20.557,31.923
2010/4/20,20.528,32.885
2010/4/19,21.248,33.675
2010/4/16,21.255,33.847
2010/4/15,20.83,33.331
2010/4/14,20.218,33.16
2010/4/13,20.274,33.434
2010/4/12,20.329,33.752
2010/4/9,20.45,34.107
2010/4/8,20.374,34.277
2010/4/7,20.169,33.983
2010/4/6,20.07,34.055
2010/4/5,20.082,34.013
2010/4/1,20.089,33.534
2010/3/31,20.012,33.177
2010/3/30,20.08,33.312
2010/3/29,20.175,33.423
2010/3/26,20.182,33.056
2010/3/25,19.998,32.899
2010/3/24,20.133,32.378
2010/3/23,20.1,32.341
2010/3/22,20.165,32.516
2010/3/19,20.421,32.477
2010/3/18,19.988,32.545
2010/3/17,20.104,32.697
2010/3/16,20.138,32.405
2010/3/15,20.309,32.245
2010/3/12,20.463,32.513
2010/3/11,20.577,32.81
2010/3/10,20.252,32.027
2010/3/9,20.286,31.975
2010/3/8,20.253,31.723
2010/3/5,20.315,31.917
2010/3/4,20.618,32.652
2010/3/3,20.575,32.926
2010/3/2,20.766,33.256
2010/3/1,20.782,33.339
2010/2/26,20.861,33.75
2010/2/25,21.442,34.736
2010/2/24,21.265,34.202
2010/2/23,21.568,35.11
2010/2/22,21.457,35.029
2010/2/19,21.712,35.323
2010/2/18,22.038,35.543
2010/2/17,22.618,35.893
2010/2/16,23.219,36.608
2010/2/12,23.627,36.854
2010/2/11,23.586,36.796
2010/2/10,23.854,37.666
2010/2/9,23.788,37.62
2010/2/8,24.137,38.301
2010/2/5,24.552,39.314
2010/2/4,23.759,38.414
2010/2/3,22.306,37.07
2010/2/2,22.323,37.182
2010/2/1,23.062,38.188
2010/1/29,23.227,37.647
2010/1/28,23.397,37.213
2010/1/27,22.433,36.318
2010/1/26,22.296,35.989
2010/1/25,22.356,38.11
2010/1/22,21.85,37.788
2010/1/21,21.391,37.117
2010/1/20,20.812,36.471
2010/1/19,20.567,35.47
2010/1/15,20.996,36.614
2010/1/14,21.032,36.083
2010/1/13,21.085,36.401
2010/1/12,21.12,35.966
2010/1/11,22.34,36.012
2010/1/8,22.315,36.033
2010/1/7,22.64,37.071
2010/1/6,22.726,36.918
2010/1/5,23.318,38.004
2010/1/4,23.198,37.428
2009/12/31,23.275,37.458
2009/12/30,23.022,36.805
2009/12/29,23.058,36.5
2009/12/28,23.271,36.709
2009/12/24,23.132,36.531
2009/12/23,23.314,36.635
2009/12/22,23.509,37.163
2009/12/21,23.707,37.456
2009/12/18,24.248,38.099
2009/12/17,24.308,38.541
2009/12/16,24.181,38.157
2009/12/15,24.401,38.629
2009/12/14,24.211,39.117
2009/12/11,24.536,39.532
2009/12/10,24.662,39.314
2009/12/9,25.092,39.847
2009/12/8,25.313,40.046
2009/12/7,25.063,39.754
2009/12/4,25.301,40.246
2009/12/3,24.893,39.255
2009/12/2,24.861,39.517
2009/12/1,24.77,39.356
2009/11/30,25.175,39.825
2009/11/27,24.942,39.341
2009/11/25,24.099,38.074
2009/11/24,24.354,38.267
2009/11/23,24.904,38.326
2009/11/20,25.524,38.718
2009/11/19,25.831,39.088
2009/11/18,25.843,38.306
2009/11/17,25.885,38.179
2009/11/16,26.048,37.941
2009/11/13,26.194,37.889
2009/11/12,26.247,38.123
2009/11/11,26.258,37.853
2009/11/10,26.309,38.177
2009/11/9,26.229,38.057
2009/11/6,26.783,38.375
2009/11/5,26.871,38.187
2009/11/4,27.374,39.038
2009/11/3,27.728,40.105
2009/11/2,27.629,40.338
2009/10/30,27.526,40.778
2009/10/29,26.231,38.706
2009/10/28,26.691,38.825
2009/10/27,25.822,37.406
2009/10/26,25.633,37.086
2009/10/23,25.448,36.839
2009/10/22,25.021,36.764
2009/10/21,24.573,34.973
2009/10/20,24.533,34.447
2009/10/19,24.524,35.851
2009/10/16,24.847,37.044
2009/10/15,24.962,37.116
2009/10/14,24.95,37.16
2009/10/13,24.834,37.63
2009/10/12,25.037,37.724
2009/10/9,25.13,37.831
2009/10/8,25.621,38.111
2009/10/7,26.032,38.299
2009/10/6,26.331,38.857
2009/10/5,26.581,39.23
2009/10/2,26.418,39.329
2009/10/1,26.539,39.306
2009/9/30,26.188,38.754
2009/9/29,26.251,38.702
2009/9/28,26.169,38.942
2009/9/25,26.083,39.135
2009/9/24,25.81,38.682
2009/9/23,25.268,38.126
2009/9/22,25.33,38.024
2009/9/21,25.511,38.403
2009/9/18,25.622,38.082
2009/9/17,25.984,37.926
2009/9/16,25.673,37.729
2009/9/15,26.169,37.452
2009/9/14,26.329,37.554
2009/9/11,26.23,37.536
2009/9/10,26.668,37.576
2009/9/9,27.027,38.185
2009/9/8,27.218,38.917
2009/9/4,27.411,38.712
2009/9/3,28.055,40.271
2009/9/2,27.837,40.104
2009/9/1,27.754,39.487
2009/8/31,27.296,39.583
2009/8/28,27.049,38.538
2009/8/27,26.835,37.986
2009/8/26,26.687,37.733
2009/8/25,26.656,37.602
2009/8/24,26.646,38.044
2009/8/21,26.706,37.328
2009/8/20,27.182,38.167
2009/8/19,27.325,38.248
2009/8/18,27.56,37.932
2009/8/17,27.727,38.092
2009/8/14,27.262,37.052
2009/8/13,26.976,37.108
2009/8/12,26.868,37.047
2009/8/11,26.927,36.984
2009/8/10,27.175,36.796
2009/8/7,26.879,36.817
2009/8/6,27.177,37.209
2009/8/5,26.908,37.02
2009/8/4,26.827,37.081
2009/8/3,26.758,37.012
2009/7/31,26.568,36.466
2009/7/30,26.649,36.908
2009/7/29,26.822,37.458
2009/7/28,26.602,37.19
2009/7/27,26.538,37.471
2009/7/24,26.254,36.965
2009/7/23,26.127,36.498
2009/7/22,26.355,36.383
2009/7/21,26.139,37.037
2009/7/20,26.089,38.15
2009/7/17,26.194,38.333
2009/7/16,27.88,38.371
2009/7/15,27.961,38.373
2009/7/14,28.844,38.819
2009/7/13,29.191,38.876
2009/7/10,29.72,39.725
2009/7/9,29.398,40.227
2009/7/8,30.121,40.852
2009/7/7,29.59,40.546
2009/7/6,29.474,40.421
2009/7/2,28.964,39.532
2009/7/1,28.028,38.668
2009/6/30,28.494,38.349
2009/6/29,27.889,39.415
2009/6/26,28.801,40.103
2009/6/25,29.278,41.62
2009/6/24,30.171,42.32
2009/6/23,30.279,43.137
2009/6/22,30.075,43.081
2009/6/19,29.998,42.616
2009/6/18,30.254,43.227
2009/6/17,30.176,43.216
2009/6/16,29.554,42.949
2009/6/15,29.733,42.811
2009/6/12,29.33,42.59
2009/6/11,28.985,42.381
2009/6/10,29.69,42.041
2009/6/9,29.562,41.991
2009/6/8,30.413,43.537
2009/6/5,29.867,43.385
2009/6/4,30.072,43.055
2009/6/3,29.819,42.529
2009/6/2,29.396,41.794
2009/6/1,29.036,41.55
2009/5/29,29.762,41.624
2009/5/28,29.789,41.541
2009/5/27,29.922,41.535
2009/5/26,29.852,41.792
2009/5/22,30.362,41.826
2009/5/21,30.334,42.282
2009/5/20,30.106,41.02
2009/5/19,30.134,41.056
2009/5/18,30.924,41.208
2009/5/15,32.222,42.308
2009/5/14,32.671,42.951
2009/5/13,32.715,43.759
2009/5/12,32.231,43.868
2009/5/11,32.008,42.717
2009/5/8,32.737,43.005
2009/5/7,32.957,43.844
2009/5/6,32.477,42.537
2009/5/5,32.636,42.467
2009/5/4,32.623,42.348
2009/5/1,33.104,43.008
2009/4/30,33.146,43.15
2009/4/29,33.552,43.261
2009/4/28,34.739,44.279
2009/4/27,34.751,43.812
2009/4/24,34.441,43.568
2009/4/23,34.448,43.14
2009/4/22,34.224,44.573
2009/4/21,34.352,45.007
2009/4/20,36.264,46.452
2009/4/17,35.888,45.388
2009/4/16,37.172,46.812
2009/4/15,38.337,48.328
2009/4/14,37.915,48.423
2009/4/13,37.844,47.647
2009/4/9,36.94,48.045
2009/4/8,37.587,49.314
2009/4/7,38.112,49.072
2009/4/6,38.022,48.395
2009/4/3,37.323,48.049
2009/4/2,38.139,47.907
2009/4/1,38.569,48.536
2009/3/31,38.14,48.091
2009/3/30,39.578,48.984
2009/3/27,38.642,48.093
2009/3/26,38.104,47.904
2009/3/25,38.425,48.727
2009/3/24,37.504,47.522
2009/3/23,37.319,47.664
2009/3/20,39.039,49.064
2009/3/19,37.124,47.696
2009/3/18,38.031,47.107
2009/3/17,38.298,48.956
2009/3/16,38.036,48.946
2009/3/13,38.721,48.777
2009/3/12,38.592,50.198
2009/3/11,39.498,51.169
2009/3/10,40.376,52.891
2009/3/9,42.285,55.629
2009/3/6,42.287,55.707
2009/3/5,40.96,53.4
2009/3/4,41.025,53.027
2009/3/3,41.658,54.19
2009/3/2,42.126,54.38
2009/2/27,40.691,54.018
2009/2/26,41.079,53.694
2009/2/25,41.469,53.953
2009/2/24,41.628,54.44
2009/2/23,41.385,54.676
2009/2/20,40.46,53.917
2009/2/19,39.972,53.511
2009/2/18,39.545,52.575
2009/2/17,39.559,52.545
2009/2/13,38.373,51.119
2009/2/12,38.859,51.497
2009/2/11,38.549,51.733
2009/2/10,38.514,51.667
2009/2/9,37.377,50.534
2009/2/6,36.898,49.7
2009/2/5,38.016,50.365
2009/2/4,38.434,51.655
2009/2/3,38.925,51.787
2009/2/2,39.934,53.826
2009/1/30,38.76,53.984
2009/1/29,38.147,53.026
2009/1/28,36.304,50.578
2009/1/27,38.069,51.78
2009/1/26,38.8,52.76
2009/1/23,39.834,52.178
2009/1/22,39.722,53.782
2009/1/21,39.071,58.104
2009/1/20,42.281,58.9
2009/1/16,41.312,57.301
2009/1/15,43.046,59.876
2009/1/14,42.067,60.184
2009/1/13,40.269,58.503
2009/1/12,39.58,57.08
2009/1/9,39.522,55.862
2009/1/8,39.633,55.534
2009/1/7,39.315,55.44
2009/1/6,37.453,54.564
2009/1/5,38.881,54.456
2009/1/2,38.851,55.114
2008/12/31,40.159,57.143
2008/12/30,41.533,58.614
2008/12/29,43.862,59.024
2008/12/26,43.749,59.161
2008/12/24,43.81,59.845
2008/12/23,43.824,59.825
2008/12/22,43.884,61.549
2008/12/19,43.828,60.642
2008/12/18,45.954,62.755
2008/12/17,46.858,64.83
2008/12/16,47.857,64.738
2008/12/15,49.51,67.086
2008/12/12,49.249,66.029
2008/12/11,48.961,65.39
2008/12/10,50.212,66.868
2008/12/9,50.974,66.261
2008/12/8,51.386,67.131
2008/12/5,53.234,70.222
2008/12/4,53.852,72.601
2008/12/3,53.732,70.889
2008/12/2,53.873,72.174
2008/12/1,52.603,74.132
2008/11/28,50.707,77.267
2008/11/26,52.78,79.586
2008/11/25,54.131,81.703
2008/11/24,53.981,74.084
2008/11/21,61.956,78.149
2008/11/20,58.345,76.515
2008/11/19,54.183,71.804
2008/11/18,51.529,70.263
2008/11/17,50.181,69.009
2008/11/14,48.681,67.995
2008/11/13,48.385,67.473
2008/11/12,48.035,66.443
2008/11/11,47.106,63.507
2008/11/10,44.414,62.194
2008/11/7,44.607,60.905
2008/11/6,44.87,61.241
2008/11/5,41.298,58.264
2008/11/4,40.865,58.13
2008/11/3,41.929,60.405
2008/10/31,42.882,61.301
2008/10/30,43.453,59.737
2008/10/29,41.984,59.678
2008/10/28,45.107,63.654
2008/10/27,43.767,62.894
2008/10/24,45.306,64.254
2008/10/23,43.641,62.299
2008/10/22,40.176,61.294
2008/10/21,37.624,63.289
2008/10/20,39.084,63.658
2008/10/17,39.738,65.095
2008/10/16,43.217,67.718
2008/10/15,41.169,68.269
2008/10/14,38.017,64.278
2008/10/13,39.563,63.998
2008/10/10,47.366,75.752
2008/10/9,40.645,68.547
2008/10/8,43.46,69.894
2008/10/7,40.994,67.669
2008/10/6,40.289,70.477
2008/10/3,33.829,63.112
2008/10/2,35.43,62.732
2008/10/1,33.516,59.087
2008/9/30,31.053,57.967
2008/9/29,31.024,63.28
2008/9/26,27.672,52.409
2008/9/25,27.498,49.915
2008/9/24,28.472,50.771
2008/9/23,28.831,51.286
2008/9/22,27.978,49.442
2008/9/19,27.393,48.902
2008/9/18,30.371,51.747
2008/9/17,29.617,51.621
2008/9/16,27.951,49.039
2008/9/15,27.82,48.04
2008/9/12,27.891,47.541
2008/9/11,27.674,47.182
2008/9/10,27.451,47.454
2008/9/9,28.005,47.844
2008/9/8,27.53,47.625
2008/9/5,27.692,47.233
2008/9/4,28.263,47.184
2008/9/3,26.895,46.492
2008/9/2,26.594,46.331
2008/8/29,25.972,45.278
2008/8/28,25.039,44.366
2008/8/27,25.71,44.586
2008/8/26,26.193,44.577
2008/8/25,26.003,44.976
2008/8/22,25.417,44.04
2008/8/21,25.891,44.617
2008/8/20,26.125,44.836
2008/8/19,26.075,45.305
2008/8/18,25.829,45.02
2008/8/15,25.829,44.965
2008/8/14,25.861,45.477
2008/8/13,26.169,45.379
2008/8/12,26,45.143
2008/8/11,25.795,45.143
2008/8/8,25.536,44.839
2008/8/7,25.699,45.527
2008/8/6,25.58,45.515
2008/8/5,25.842,45.729
2008/8/4,26.01,46.384
2008/8/1,26.242,46.213
2008/7/31,26.045,46.334
2008/7/30,25.944,46.098
2008/7/29,26.183,46.242
2008/7/28,26.669,47.219
2008/7/25,26.203,45.715
2008/7/24,25.872,46.972
2008/7/23,25.147,44.925
2008/7/22,25.171,45.297
2008/7/21,25.581,45.935
2008/7/18,25.797,47.977
2008/7/17,27.457,47.431
2008/7/16,27.491,47.78
2008/7/15,28.329,48.414
2008/7/14,28.571,48.561
2008/7/11,28.271,48.404
2008/7/10,28.475,48.201
2008/7/9,28.424,47.772
2008/7/8,27.242,46.42
2008/7/7,27.581,46.878
2008/7/3,27.698,47.055
2008/7/2,27.781,46.79
2008/7/1,27.084,46.05
2008/6/30,27.426,46.567
2008/6/27,27.732,47.047
2008/6/26,27.344,47.089
2008/6/25,26.527,45.289
2008/6/24,27.021,46.472
2008/6/23,26.929,46.442
2008/6/20,27.277,46.924
2008/6/19,26.616,46.135
2008/6/18,26.875,46.548
2008/6/17,26.593,46.298
2008/6/16,26.591,46.6
2008/6/13,26.894,47.408
2008/6/12,27.687,48.398
2008/6/11,27.703,47.429
2008/6/10,26.926,46.585
2008/6/9,27.25,47.34
2008/6/6,27.098,47.512
2008/6/5,26.205,45.82
2008/6/4,26.379,46.503
2008/6/3,26.373,46.596
2008/6/2,26.08,46.008
2008/5/30,25.574,45.453
2008/5/29,25.666,45.957
2008/5/28,25.779,46.655
2008/5/27,25.982,46.536
2008/5/23,26.112,46.632
2008/5/22,26.017,46.604
2008/5/21,25.873,47.934
2008/5/20,25.27,45.69
2008/5/19,24.563,45.269
2008/5/16,24.319,44.608
2008/5/15,24.033,44.054
2008/5/14,23.884,43.87
2008/5/13,24.616,43.915
2008/5/12,24.897,43.926
2008/5/9,25.246,44.321
2008/5/8,24.985,44.191
2008/5/7,25.076,44.191
2008/5/6,24.897,43.566
2008/5/5,24.473,43.814
2008/5/2,24.548,43.697
2008/5/1,24.25,43.605
2008/4/30,24.478,44.032
2008/4/29,24.925,45.138
2008/4/28,25.134,44.675
2008/4/25,25.119,44.962
2008/4/24,25.178,45.725
2008/4/23,25.467,47.624
2008/4/22,25.475,48.17
2008/4/21,25.248,47.55
2008/4/18,25.071,45.491
2008/4/17,25.749,45.917
2008/4/16,27.23,46.327
2008/4/15,28.249,46.799
2008/4/14,27.586,47.274
2008/4/11,27.64,46.973
2008/4/10,26.909,46.472
2008/4/9,27.498,46.819
2008/4/8,27.68,47.037
2008/4/7,27.753,47.038
2008/4/4,28.622,46.913
2008/4/3,28.772,46.955
2008/4/2,29.293,47.509
2008/4/1,28.864,47.052
2008/3/31,29.94,48.1
2008/3/28,30.147,47.835
2008/3/27,30.078,48.025
2008/3/26,29.69,47.308
2008/3/25,29.241,47.077
2008/3/24,29,47.35
2008/3/20,29.544,47.252
2008/3/19,29.974,47.989
2008/3/18,29.182,46.975
2008/3/17,30.599,48.717
2008/3/14,30.971,49.054
2008/3/13,29.596,47.496
2008/3/12,29.105,47.635
2008/3/11,29.015,47.558
2008/3/10,30.293,49.439
2008/3/7,29.755,48.399
2008/3/6,29.672,48.467
2008/3/5,28.946,48.464
2008/3/4,29.254,48.781
2008/3/3,28.946,49.227
2008/2/29,28.373,48.122
2008/2/28,27.138,46.481
2008/2/27,26.762,46.386
2008/2/26,27.522,47.025
2008/2/25,28.55,47.777
2008/2/22,29.154,48.47
2008/2/21,29.298,48.205
2008/2/20,28.926,48.206
2008/2/19,29.834,49.295
2008/2/15,30.387,50.018
2008/2/14,30.531,49.404
2008/2/13,30.172,49.309
2008/2/12,30.843,50.184
2008/2/11,31.256,49.708
2008/2/8,31.726,49.676
2008/2/7,31.859,49.87
2008/2/6,31.329,49.481
2008/2/5,30.999,47.973
2008/2/4,29.744,47.197
2008/2/1,28.914,46.326
2008/1/31,29.283,46.852
2008/1/30,29.386,46.917
2008/1/29,29.813,47.295
2008/1/28,30.602,50.176
2008/1/25,31.046,52.223
2008/1/24,30.59,52.405
2008/1/23,30.605,54.23
2008/1/22,30.601,53.608
2008/1/18,29.845,52.655
2008/1/17,31.241,53.588
2008/1/16,30.333,52.938
2008/1/15,29.88,51.443
2008/1/14,29.148,51.308
2008/1/11,29.845,52.638
2008/1/10,29.479,51.267
2008/1/9,30.055,51.358
2008/1/8,29.293,52.252
2008/1/7,28.874,51.133
2008/1/4,29.069,52.135
2008/1/3,27.383,49.454
2008/1/2,27.464,48.78
2007/12/31,26.633,47.273
2007/12/28,26.435,47.047
2007/12/27,26.596,47.233
2007/12/26,26.309,46.838
2007/12/24,26.391,46.567
2007/12/21,26.646,46.444
2007/12/20,27.308,47.66
2007/12/19,27.5,48.099
2007/12/18,28.049,49.213
2007/12/17,28.239,49.651
2007/12/14,27.771,48.438
2007/12/13,27.557,49.493
2007/12/12,27.252,49.887
2007/12/11,27.493,49.709
2007/12/10,27.459,49.617
2007/12/7,27.716,50.011
2007/12/6,27.766,50.381
2007/12/5,28.256,51.06
2007/12/4,28.464,52.367
2007/12/3,28.843,52.803
2007/11/30,27.784,52.088
2007/11/29,27.695,49.996
2007/11/28,28.083,50.262
2007/11/27,29.254,52.692
2007/11/26,29.452,53.615
2007/11/23,29.308,53.377
2007/11/21,29.633,53.439
2007/11/20,29.569,52.918
2007/11/19,29.907,54.284
2007/11/16,29.521,53.736
2007/11/15,29.849,54.992
2007/11/14,29.579,54.028
2007/11/13,29.331,51.181
2007/11/12,30.447,51.887
2007/11/9,30.593,51.624
2007/11/8,29.177,50.319
2007/11/7,26.898,46.916
2007/11/6,26.531,45.616
2007/11/5,26.961,46.639
2007/11/2,26.222,46.102
2007/11/1,26.087,45.956
2007/10/31,25.279,44.413
2007/10/30,25.613,46.078
2007/10/29,25.339,45.443
2007/10/26,25.312,45.331
2007/10/25,26.12,45.43
2007/10/24,25.676,44.7
2007/10/23,24.549,43.696
2007/10/22,24.221,44.614
2007/10/19,24.362,45.362
2007/10/18,24.007,43.785
2007/10/17,23.752,44.612
2007/10/16,24.035,44.372
2007/10/15,24.534,46.168
2007/10/12,24.07,45.027
2007/10/11,24.178,44.845
2007/10/10,23.723,42.874
2007/10/9,23.342,41.794
2007/10/8,23.196,41.414
2007/10/5,23.322,39.947
2007/10/4,23.262,40.641
2007/10/3,23.338,40.573
2007/10/2,22.661,39.759
2007/10/1,22.525,39.575
2007/9/28,22.578,40.192
2007/9/27,22.583,40.531
2007/9/26,22.917,41
2007/9/25,23.205,41.572
2007/9/24,23.335,41.448
2007/9/21,23.405,41.3
2007/9/20,23.794,41.759
2007/9/19,23.927,42.283
2007/9/18,24.018,43.035
2007/9/17,24.812,43.825
2007/9/14,24.791,43.885
2007/9/13,24.968,44.308
2007/9/12,24.991,44.964
2007/9/11,24.621,45.408
2007/9/10,25.001,45.219
2007/9/7,24.613,45.205
2007/9/6,24.201,44.117
2007/9/5,24.24,44.023
2007/9/4,23.814,41.474
2007/8/31,24.06,41.486
2007/8/30,24.405,42.313
2007/8/29,24.519,41.737
2007/8/28,25.112,43.326
2007/8/27,24.446,42.024
2007/8/24,24.632,42.451
2007/8/23,24.951,43.306
2007/8/22,25.299,43.59
2007/8/21,28.076,43.867
2007/8/20,27.762,44.689
2007/8/17,28.38,44.917
2007/8/16,29.515,45.666
2007/8/15,27.141,44.285
2007/8/14,26.927,43.507
2007/8/13,26.323,42.405
2007/8/10,27.023,43.769
2007/8/9,26.833,45.199
2007/8/8,25.48,41.333
2007/8/7,25.771,41.955
2007/8/6,26.795,42.888
2007/8/3,26.737,43.85
2007/8/2,26.294,43.658
2007/8/1,26.489,44.086
2007/7/31,25.239,43.937
2007/7/30,24.394,41.711
2007/7/27,23.894,41.52
2007/7/26,23.523,38.712
2007/7/25,21.913,40.822
2007/7/24,21.878,41.382
2007/7/23,21.374,41.742
2007/7/20,21.268,41.757
2007/7/19,20.945,41.021
2007/7/18,21.877,40.56
2007/7/17,21.466,40.033
2007/7/16,21.491,38.559
2007/7/13,21.254,38.803
2007/7/12,21.441,38.331
2007/7/11,21.425,37.885
2007/7/10,21.499,38.984
2007/7/9,20.567,38.444
2007/7/6,20.291,36.725
2007/7/5,20.224,36.268
2007/7/3,20.125,36.966
2007/7/2,20.327,37.631
2007/6/29,20.495,37.787
2007/6/28,20.06,37.584
2007/6/27,20.041,38.133
2007/6/26,20.197,38.544
2007/6/25,19.999,38.114
2007/6/22,19.771,37.466
2007/6/21,19.325,37.188
2007/6/20,19.239,36.896
2007/6/19,18.883,37.223
2007/6/18,18.752,37.052
2007/6/15,18.631,36.088
2007/6/14,18.986,36.715
2007/6/13,19.252,36.868
2007/6/12,19.516,36.884
2007/6/11,19.582,36.08
2007/6/8,19.763,37.803
2007/6/7,20.041,39.052
2007/6/6,19.772,36.921
2007/6/5,18.897,36.249
2007/6/4,18.793,35.579
2007/6/1,18.638,35.094
2007/5/31,18.595,34.904
2007/5/30,18.544,33.771
2007/5/29,18.657,33.525
2007/5/25,18.598,33.405
2007/5/24,18.805,33.758
2007/5/23,18.729,33.84
2007/5/22,18.68,33.581
2007/5/21,18.809,33.397
2007/5/18,18.589,34.115
2007/5/17,18.544,33.574
2007/5/16,18.448,33.904
2007/5/15,18.601,33.765
2007/5/14,18.424,34.1
2007/5/11,18.039,33.899
2007/5/10,18.14,34.474
2007/5/9,17.972,32.959
2007/5/8,17.982,32.99
2007/5/7,17.753,32.452
2007/5/4,17.81,32.372
2007/5/3,17.702,32.555
2007/5/2,17.716,32.557
2007/5/1,17.405,32.808
2007/4/30,17.396,32.464
2007/4/27,17.283,32.638
2007/4/26,17.183,33.014
2007/4/25,16.897,34.545
2007/4/24,16.776,34.439
2007/4/23,16.808,34.246
2007/4/20,17.345,34.206
2007/4/19,17.301,34.043
2007/4/18,17.232,33.936
2007/4/17,18.029,34.053
2007/4/16,17.906,33.766
2007/4/13,18.016,33.991
2007/4/12,17.921,33.905
2007/4/11,17.976,34.279
2007/4/10,17.685,34.091
2007/4/9,18.042,34.232
2007/4/5,17.925,34.224
2007/4/4,18.059,34.553
2007/4/3,18.033,34.792
2007/4/2,18.359,34.908
2007/3/30,18.518,35.068
2007/3/29,18.316,35.035
2007/3/28,18.436,34.835
2007/3/27,18.286,34.955
2007/3/26,18.217,34.456
2007/3/23,18.2,34.682
2007/3/22,18.103,34.533
2007/3/21,18.002,34.401
2007/3/20,18.691,34.866
2007/3/19,18.917,35.09
2007/3/16,19.213,35.57
2007/3/15,19.108,35.616
2007/3/14,18.902,35.857
2007/3/13,18.78,35.676
2007/3/12,18.456,35.196
2007/3/9,18.613,34.715
2007/3/8,18.901,35.568
2007/3/7,18.769,36.017
2007/3/6,18.778,36.197
2007/3/5,19.307,36.41
2007/3/2,19.164,35.926
2007/3/1,18.737,35.865
2007/2/28,18.093,35.971
2007/2/27,18.365,35.985
2007/2/26,17.165,34.792
2007/2/23,16.935,35.105
2007/2/22,16.94,35.052
2007/2/21,16.866,35.176
2007/2/20,16.931,34.65
2007/2/16,17.007,35.114
2007/2/15,17.035,35.209
2007/2/14,17.254,35.436
2007/2/13,17.35,36.259
2007/2/12,17.409,36.3
2007/2/9,17.112,36.483
2007/2/8,16.999,36.111
2007/2/7,16.908,36.8
2007/2/6,16.913,36.858
2007/2/5,17.023,37.007
2007/2/2,17.001,36.712
2007/2/1,16.948,36.794
2007/1/31,16.893,37.584
2007/1/30,16.986,37.926
2007/1/29,17.105,37.874
2007/1/26,17.027,37.288
2007/1/25,16.823,37.907
2007/1/24,16.677,37.084
2007/1/23,16.804,37.171
2007/1/22,17.114,37.096
2007/1/19,17.183,37.136
2007/1/18,18.272,37.213
2007/1/17,17.877,38.305
2007/1/16,18.075,39.001
2007/1/12,17.829,38.267
2007/1/11,18.168,38.132
2007/1/10,18.217,39.662
2007/1/9,18.038,38.464
2007/1/8,18.18,39.872
2007/1/5,18.161,40.283
2007/1/4,18.036,40.529
2007/1/3,17.96,39.877
2006/12/29,17.817,39.092
2006/12/28,17.782,40.068
2006/12/27,17.663,39.384
2006/12/26,17.827,38.964
2006/12/22,17.776,39.136
2006/12/21,17.69,38.924
2006/12/20,17.421,38.645
2006/12/19,17.322,38.441
2006/12/18,17.535,38.413
2006/12/15,17.547,38.477
2006/12/14,17.33,38.203
2006/12/13,17.834,38.307
2006/12/12,17.751,38.223
2006/12/11,17.383,37.774
2006/12/8,17.565,37.707
2006/12/7,17.34,37.837
2006/12/6,17.035,36.875
2006/12/5,17.012,36.722
2006/12/4,17.197,36.417
2006/12/1,17.293,36.627
2006/11/30,17.216,36.308
2006/11/29,17.225,36.47
2006/11/28,17.083,36.909
2006/11/27,16.923,37.599
2006/11/24,16.502,36.245
2006/11/22,16.383,35.942
2006/11/21,16.309,36.275
2006/11/20,16.322,36.401
2006/11/17,16.262,36.355
2006/11/16,16.404,36.595
2006/11/15,16.384,36.459
2006/11/14,16.316,36.137
2006/11/13,16.382,36.092
2006/11/10,16.286,36.417
2006/11/9,16.295,36.115
2006/11/8,16.266,35.756
2006/11/7,16.081,36.367
2006/11/6,16.147,36.592
2006/11/3,16.363,36.585
2006/11/2,16.361,37.262
2006/11/1,16.35,37.332
2006/10/31,16.352,37.242
2006/10/30,16.508,37.263
2006/10/27,16.347,36.597
2006/10/26,16.458,36.087
2006/10/25,16.478,36.312
2006/10/24,16.42,36.241
2006/10/23,16.271,36.29
2006/10/20,16.173,36.34
2006/10/19,16.268,36.609
2006/10/18,16.259,37.112
2006/10/17,16.12,38.258
2006/10/16,17.143,38.692
2006/10/13,17.17,38.795
2006/10/12,16.955,38.538
2006/10/11,17.312,39.12
2006/10/10,17.207,39.258
2006/10/9,17.123,39.481
2006/10/6,17.21,38.985
2006/10/5,17.386,39.179
2006/10/4,17.515,39.515
2006/10/3,17.505,39.562
2006/10/2,17.614,39.123
2006/9/29,17.515,38.83
2006/9/28,17.697,38.983
2006/9/27,17.707,38.935
2006/9/26,17.768,38.758
2006/9/25,17.72,39.57
2006/9/22,17.948,39.783
2006/9/21,17.589,39.311
2006/9/20,17.166,38.421
2006/9/19,17.289,38.377
2006/9/18,17.158,38.304
2006/9/15,17.196,38.572
2006/9/14,17.453,39.221
2006/9/13,17.628,39.379
2006/9/12,17.379,39.869
2006/9/11,17.796,40.951
2006/9/8,17.654,40.582
2006/9/7,17.754,40.649
2006/9/6,17.777,39.651
2006/9/5,17.61,39.295
2006/9/1,17.444,38.641
2006/8/31,17.596,38.88
2006/8/30,17.579,38.988
2006/8/29,17.448,39.306
2006/8/28,17.679,39.264
2006/8/25,17.6,38.657
2006/8/24,17.802,38.786
2006/8/23,17.867,38.775
2006/8/22,17.928,38.748
2006/8/21,17.983,39.547
2006/8/18,17.739,39.443
2006/8/17,18.187,39.899
2006/8/16,18.04,39.705
2006/8/15,18.687,39.754
2006/8/14,18.752,40.398
2006/8/11,19.009,40.502
2006/8/10,19.081,40.315
2006/8/9,19.144,40.672
2006/8/8,19.336,40.679
2006/8/7,19.355,41.095
2006/8/4,19.15,41.23
2006/8/3,19.024,40.246
2006/8/2,18.754,40.424
2006/8/1,18.901,40.54
2006/7/31,18.579,40.586
2006/7/28,18.631,40.638
2006/7/27,18.876,40.307
2006/7/26,18.828,39.083
2006/7/25,19.004,40.305
2006/7/24,19.228,40.797
2006/7/21,20.051,40.45
2006/7/20,19.699,40.546
2006/7/19,19.623,42.422
2006/7/18,20.804,41.523
2006/7/17,21.354,43.338
2006/7/14,21.153,44.102
2006/7/13,20.86,42.223
2006/7/12,20.035,41.644
2006/7/11,19.734,40.793
2006/7/10,19.694,42.61
2006/7/7,19.696,42.188
2006/7/6,19.075,41.636
2006/7/5,19.052,41.037
2006/7/3,18.928,40.683
2006/6/30,19.09,40.803
2006/6/29,19.208,40.535
2006/6/28,19.58,41.908
2006/6/27,19.531,40.947
2006/6/26,19.479,40.389
2006/6/23,19.419,40.719
2006/6/22,19.5,40.466
2006/6/21,19.476,40.219
2006/6/20,19.499,40.596
2006/6/19,19.684,40.95
2006/6/16,19.853,41.446
2006/6/15,19.843,41.116
2006/6/14,20.244,42.954
2006/6/13,20.358,42.294
2006/6/12,20.212,42.753
2006/6/9,20.019,41.582
2006/6/8,20.151,41.226
2006/6/7,19.318,42.035
2006/6/6,19.414,41.826
2006/6/5,19.129,41.316
2006/6/2,19.029,40.284
2006/6/1,18.677,40.347
2006/5/31,18.926,41.692
2006/5/30,18.831,40.863
2006/5/26,18.173,39.585
2006/5/25,18.517,39.638
2006/5/24,18.973,40.294
2006/5/23,18.888,39.654
2006/5/22,18.776,40.269
2006/5/19,18.442,40.017
2006/5/18,17.949,39.51
2006/5/17,17.672,39.64
2006/5/16,17.15,39.55
2006/5/15,17.124,39.244
2006/5/12,17.003,38.991
2006/5/11,16.776,39.174
2006/5/10,16.749,39.36
2006/5/9,16.765,38.967
2006/5/8,16.728,38.72
2006/5/5,16.495,38.74
2006/5/4,16.529,39.016
2006/5/3,16.593,39.619
2006/5/2,16.52,39.735
2006/5/1,16.563,39.501
2006/4/28,16.469,39.492
2006/4/27,16.364,39.786
2006/4/26,16.454,40.097
2006/4/25,16.607,40.42
2006/4/24,16.92,40.614
2006/4/21,17.003,40.261
2006/4/20,17.161,39.717
2006/4/19,17.171,40.9
2006/4/18,17.351,41.119
2006/4/17,17.622,41.467
2006/4/13,17.348,41.294
2006/4/12,17.372,41.41
2006/4/11,17.442,41.373
2006/4/10,17.192,41.442
2006/4/7,16.963,41.638
2006/4/6,16.668,41.67
2006/4/5,16.631,39.84
2006/4/4,16.996,40.315
2006/4/3,17.052,39.943
2006/3/31,17.026,40.335
2006/3/30,17.003,40.542
2006/3/29,17.101,40.786
2006/3/28,17.635,41.634
2006/3/27,17.638,41.738
2006/3/24,17.549,42.184
2006/3/23,17.518,42.009
2006/3/22,17.221,42.014
2006/3/21,17.362,42.172
2006/3/20,17.392,42.059
2006/3/17,17.481,42.095
2006/3/16,17.57,42.139
2006/3/15,17.311,41.984
2006/3/14,17.433,42.054
2006/3/13,17.514,42.37
2006/3/10,17.602,42.506
2006/3/9,17.802,42.286
2006/3/8,17.662,42.067
2006/3/7,17.935,41.836
2006/3/6,18.034,41.851
2006/3/3,17.78,42.249
2006/3/2,17.761,42.045
2006/3/1,17.921,42.169
2006/2/28,17.866,42.66
2006/2/27,17.945,42.956
2006/2/24,17.994,42.763
2006/2/23,18.074,42.614
2006/2/22,17.717,41.904
2006/2/21,17.907,42.681
2006/2/17,17.935,43.731
2006/2/16,18.006,44.466
2006/2/15,17.974,44.971
2006/2/14,18.19,44.756
2006/2/13,18.688,45.633
2006/2/10,18.596,44.322
2006/2/9,18.585,44.446
2006/2/8,18.521,44.177
2006/2/7,18.588,44.067
2006/2/6,18.699,44.162
2006/2/3,18.515,43.541
2006/2/2,18.266,43.636
2006/2/1,17.921,43.283
2006/1/31,18.204,43.448
2006/1/30,18.231,42.881
2006/1/27,18.465,42.986
2006/1/26,18.55,42.837
2006/1/25,18.552,42.71
2006/1/24,18.32,42.898
2006/1/23,18.409,42.631
2006/1/20,18.699,41.666
2006/1/19,18.481,42.663
2006/1/18,18.618,42.717
2006/1/17,19.149,42.48
2006/1/13,19.256,42.093
2006/1/12,19.484,41.913
2006/1/11,19.296,41.709
2006/1/10,19.42,40.643
2006/1/9,19.259,42.698
2006/1/6,18.779,42.304
2006/1/5,19.02,41.974
2006/1/4,19.228,42.483
2006/1/3,19.141,42.656
2005/12/30,19.197,42.309
2005/12/29,18.934,42.319
2005/12/28,18.876,42.327
2005/12/27,18.913,42.267
2005/12/23,18.689,41.926
2005/12/22,18.701,41.815
2005/12/21,18.658,42.084
2005/12/20,18.73,42.12
2005/12/19,18.69,42.685
2005/12/16,18.825,43.068
2005/12/15,18.981,43.114
2005/12/14,19.152,43.21
2005/12/13,18.926,43.007
2005/12/12,18.507,42.938
2005/12/9,18.338,43.028
2005/12/8,18.246,43.386
2005/12/7,17.69,43.458
2005/12/6,17.586,43.373
2005/12/5,17.634,43.1
2005/12/2,17.404,43.026
2005/12/1,17.327,42.43
2005/11/30,17.399,42.375
2005/11/29,17.52,42.261
2005/11/28,17.398,42.139
2005/11/25,17.297,41.659
2005/11/23,17.014,41.567
2005/11/22,17.284,41.794
2005/11/21,17.257,42.172
2005/11/18,17.149,42.463
2005/11/17,17.712,42.129
2005/11/16,17.626,42.224
2005/11/15,17.711,42.529
2005/11/14,17.893,42.847
2005/11/11,17.566,42.663
2005/11/10,17.755,42.673
2005/11/9,18.253,42.469
2005/11/8,18.404,42.757
2005/11/7,18.131,43.013
2005/11/4,18.306,42.472
2005/11/3,18.665,42.028
2005/11/2,18.852,41.798
2005/11/1,18.767,41.507
2005/10/31,18.9,40.969
2005/10/28,19.026,40.538
2005/10/27,18.763,39.951
2005/10/26,18.64,39.189
2005/10/25,18.518,39.409
2005/10/24,18.445,39.696
2005/10/21,18.654,39.516
2005/10/20,18.958,39.625
2005/10/19,18.87,39.726
2005/10/18,18.907,39.575
2005/10/17,19.744,39.665
2005/10/14,19.861,39.586
2005/10/13,19.893,40.063
2005/10/12,19.833,40.656
2005/10/11,19.64,41.018
2005/10/10,19.591,40.759
2005/10/7,19.568,41.926
2005/10/6,19.43,41.803
2005/10/5,19.211,41.441
2005/10/4,19.08,40.659
2005/10/3,18.852,40.457
2005/9/30,18.738,40.26
2005/9/29,18.714,40.295
2005/9/28,18.677,40.442
2005/9/27,19.176,39.416
2005/9/26,19.36,39.266
2005/9/23,19.214,39.335
2005/9/22,19.26,39.248
2005/9/21,19.433,38.769
2005/9/20,18.945,38.258
2005/9/19,18.892,38.299
2005/9/16,18.754,38.817
2005/9/15,18.844,39.28
2005/9/14,18.188,39.197
2005/9/13,18.26,39.552
2005/9/12,18.17,40.155
2005/9/9,18.319,39.971
2005/9/8,18.396,39.899
2005/9/7,18.302,39.865
2005/9/6,18.38,39.995
2005/9/2,18.448,39.886
2005/9/1,18.468,40.141
2005/8/31,18.318,40.482
2005/8/30,18.303,40.711
2005/8/29,17.979,40.539
2005/8/26,17.9,40.703
2005/8/25,17.778,40.885
2005/8/24,17.783,41.034
2005/8/23,17.601,40.567
2005/8/22,17.65,40.157
2005/8/19,17.372,40.3
2005/8/18,17.497,40.522
2005/8/17,17.543,40.061
2005/8/16,17.621,40.015
2005/8/15,17.422,39.126
2005/8/12,17.391,37.605
2005/8/11,17.42,37.434
2005/8/10,17.439,37.332
2005/8/9,17.17,37.319
2005/8/8,17.055,38.249
2005/8/5,16.631,37.704
2005/8/4,16.665,37.672
2005/8/3,16.356,37.549
2005/8/2,16.525,37.653
2005/8/1,16.422,37.726
2005/7/29,16.475,37.542
2005/7/28,16.423,37.573
2005/7/27,16.523,37.63
2005/7/26,16.472,37.812
2005/7/25,16.404,37.667
2005/7/22,16.191,37.574
2005/7/21,16.113,37.463
2005/7/20,16.004,37.112
2005/7/19,16.056,37.065
2005/7/18,17.348,37.506
2005/7/15,17.512,38.004
2005/7/14,17.689,38.369
2005/7/13,17.885,39.614
2005/7/12,18.363,39.889
2005/7/11,18.514,40.483
2005/7/8,18.177,40.359
2005/7/7,18.531,40.991
2005/7/6,18.803,40.363
2005/7/5,19.195,40.955
2005/7/1,19.012,39.981
2005/6/30,18.858,40.1
2005/6/29,18.75,40.4
2005/6/28,18.601,40.156
2005/6/27,18.889,40.191
2005/6/24,18.393,39.977
2005/6/23,18.231,39.715
2005/6/22,17.401,39.98
2005/6/21,17.83,39.678
2005/6/20,17.466,40.363
2005/6/17,17.579,41.014
2005/6/16,17.741,41.087
2005/6/15,17.765,41.601
2005/6/14,17.996,42.138
2005/6/13,17.934,42.201
2005/6/10,18.068,42.732
2005/6/9,18.23,42.434
2005/6/8,18.262,43.023
2005/6/7,18.225,43.834
2005/6/6,18.519,44.288
2005/6/3,18.514,44.189
2005/6/2,18.061,42.076
2005/6/1,18.359,41.977
2005/5/31,18.811,41.927
2005/5/27,18.453,42.581
2005/5/26,18.644,42.483
2005/5/25,18.753,42.321
2005/5/24,18.976,42.337
2005/5/23,19.416,41.742
2005/5/20,19.508,41.961
2005/5/19,19.385,41.894
2005/5/18,19.368,41.507
2005/5/17,20.442,41.768
2005/5/16,20.412,42.022
2005/5/13,20.764,42.638
2005/5/12,20.93,43.633
2005/5/11,20.883,43.818
2005/5/10,20.797,43.676
2005/5/9,20.412,43.572
2005/5/6,20.592,43.905
2005/5/5,20.883,44.329
2005/5/4,20.709,44.225
2005/5/3,21.081,44.499
2005/5/2,21.07,42.472
2005/4/29,21.173,42.735
2005/4/28,20.832,42.972
2005/4/27,20.394,43.974
2005/4/26,20.534,44.788
2005/4/25,21.071,43.824
2005/4/22,21.297,43.952
2005/4/21,21.093,42.51
2005/4/20,22.606,41.053
2005/4/19,20.609,40.291
2005/4/18,20.716,41.554
2005/4/15,20.723,42.088
2005/4/14,18.917,41.884
2005/4/13,18.05,41.884
2005/4/12,17.339,44.084
2005/4/11,17.392,44.934
2005/4/8,17.125,44.568
2005/4/7,16.98,45.212
2005/4/6,16.847,45.154
2005/4/5,16.944,45.728
2005/4/4,16.752,44.652
2005/4/1,16.707,42.965
2005/3/31,16.274,42.355
2005/3/30,16.318,41.517
2005/3/29,16.346,43.004
2005/3/28,16.168,43.173
2005/3/24,16.3,42.732
2005/3/23,16.232,43.08
2005/3/22,15.975,44.69
2005/3/21,15.594,44.119
2005/3/18,15.464,43.142
2005/3/17,15.48,42.903
2005/3/16,15.363,43.929
2005/3/15,15.303,42.34
2005/3/14,15.126,44.611
2005/3/11,15.164,44.602
2005/3/10,14.963,44.484
2005/3/9,14.958,43.936
2005/3/8,15.122,41.626
2005/3/7,15.265,40.719
2005/3/4,15.11,41.291
2005/3/3,15.003,42.233
2005/3/2,14.959,40.125
2005/3/1,14.974,38.3
2005/2/28,15.253,38.94
2005/2/25,15.204,39.825
2005/2/24,15.067,41.006
2005/2/23,15.345,42.26
2005/2/22,15.42,42.933
2005/2/18,15.122,43.086
2005/2/17,15.182,42.75
2005/2/16,15.131,42.121
2005/2/15,15.349,41.379
2005/2/14,15.416,40.64
2005/2/11,15.407,40.701
2005/2/10,15.634,40.943
2005/2/9,15.521,41.135
2005/2/8,15.395,40.692
2005/2/7,15.346,40.747
2005/2/4,15.222,41.276
2005/2/3,15.432,41.575
2005/2/2,15.303,42.108
2005/2/1,15.442,42.189
2005/1/31,15.764,42.318
2005/1/28,16.016,42.405
2005/1/27,16.213,42.426
2005/1/26,16.437,42.484
2005/1/25,16.879,42.281
2005/1/24,17.156,42.517
2005/1/21,17.273,41.968
2005/1/20,17.245,41.356
2005/1/19,17.242,40.65
2005/1/18,17.715,40.533
2005/1/14,17.588,40.281
2005/1/13,17.776,40.202
2005/1/12,17.511,43.265
2005/1/11,17.518,44.366
2005/1/10,17.678,45.081
2005/1/7,17.876,43.526
2005/1/6,17.865,41.63
2005/1/5,17.793,41.525
2005/1/4,17.897,42.249
2005/1/3,17.609,42.71
